"Code","SegmentID","UManhole.ManholeID","DManhole.ManholeID","Distance","ClockFrom","Severity","Reversed","WinCanDescription"
"START US","20SW3-2","20SW2","20SW3",10,,,TRUE,"Start Inspection Upstream"
"LAT","20SW3-2","20SW2","20SW3",164,9,,TRUE,"Lateral connection"
"TSA","20SW3-2","20SW2","20SW3",164,9,,TRUE,"Tap Saddle Avtive"
"DSI","20SW3-2","20SW2","20SW3",164,9,,TRUE,"Defective Saddle Installation"
"Grease","20SW3-2","20SW2","20SW3",164,,"Severe",TRUE,"Grease in the Pipe"
"AMH","20SW3-2","20SW2","20SW3",425.6,12,,TRUE,"Access Man Hole"
"STOP","20SW3-2","20SW2","20SW3",425.6,,,TRUE,"Inspection Stopped"
"START DS","20SW3-4","20SW3","20SW4",10,,,FALSE,"Start Inspection Downstream"
"LAT","20SW3-4","20SW3","20SW4",39.3,10,,FALSE,"Lateral connection"
"TFNA","20SW3-4","20SW3","20SW4",39.3,10,,FALSE,"Tap Factory Not Avtive"
"LAT","20SW3-4","20SW3","20SW4",43,2,,FALSE,"Lateral connection"
"TFNA","20SW3-4","20SW3","20SW4",43,2,,FALSE,"Tap Factory Not Avtive"
"LAT","20SW3-4","20SW3","20SW4",235.4,2,,FALSE,"Lateral connection"
"TFA","20SW3-4","20SW3","20SW4",235.4,2,,FALSE,"Factory Tap Active"
"AMH","20SW3-4","20SW3","20SW4",389.4,12,,FALSE,"Access Man Hole"
"STOP","20SW3-4","20SW3","20SW4",389.4,,,FALSE,"Inspection Stopped"
"START DS","20SW4-5","20SW4","20SW5",0,,,FALSE,"Start Inspection Downstream"
"LAT","20SW4-5","20SW4","20SW5",43.8,12,,FALSE,"Lateral connection"
"TFA","20SW4-5","20SW4","20SW5",43.8,12,,FALSE,"Factory Tap Active"
"LAT","20SW4-5","20SW4","20SW5",79.1,10,,FALSE,"Lateral connection"
"TFA","20SW4-5","20SW4","20SW5",79.1,10,,FALSE,"Factory Tap Active"
"LAT","20SW4-5","20SW4","20SW5",211.1,10,,FALSE,"Lateral connection"
"TFA","20SW4-5","20SW4","20SW5",211.1,10,,FALSE,"Factory Tap Active"
"LAT","20SW4-5","20SW4","20SW5",216.6,1,,FALSE,"Lateral connection"
"TFA","20SW4-5","20SW4","20SW5",216.6,1,,FALSE,"Factory Tap Active"
"LAT","20SW4-5","20SW4","20SW5",222.9,10,,FALSE,"Lateral connection"
"TSA","20SW4-5","20SW4","20SW5",222.9,10,,FALSE,"Tap Saddle Avtive"
"LAT","20SW4-5","20SW4","20SW5",295.5,1,,FALSE,"Lateral connection"
"TFA","20SW4-5","20SW4","20SW5",295.5,1,,FALSE,"Factory Tap Active"
"LAT","20SW4-5","20SW4","20SW5",304.4,1,,FALSE,"Lateral connection"
"TFNA","20SW4-5","20SW4","20SW5",304.4,1,,FALSE,"Tap Factory Not Avtive"
"LAT","20SW4-5","20SW4","20SW5",351.4,10,,FALSE,"Lateral connection"
"TFNA","20SW4-5","20SW4","20SW5",351.4,10,,FALSE,"Tap Factory Not Avtive"
"LAT","20SW4-5","20SW4","20SW5",381.4,10,,FALSE,"Lateral connection"
"TSA","20SW4-5","20SW4","20SW5",381.4,10,,FALSE,"Tap Saddle Avtive"
"AMH","20SW4-5","20SW4","20SW5",424,12,,FALSE,"Access Man Hole"
"STOP","20SW4-5","20SW4","20SW5",424,,,FALSE,"Inspection Stopped"
"START US","20SW7-8","20SW8","20SW7",10,,,TRUE,"Start Inspection Upstream"
"LAT","20SW7-8","20SW8","20SW7",64,10,,TRUE,"Lateral connection"
"TFNA","20SW7-8","20SW8","20SW7",64,10,,TRUE,"Tap Factory Not Avtive"
"LAT","20SW7-8","20SW8","20SW7",117.6,9,,TRUE,"Lateral connection"
"TSA","20SW7-8","20SW8","20SW7",117.6,9,,TRUE,"Tap Saddle Avtive"
"DSI","20SW7-8","20SW8","20SW7",117.6,9,,TRUE,"Defective Saddle Installation"
"Root-in-Lateral","20SW7-8","20SW8","20SW7",117.6,9,"Light",TRUE,"Root problem in lateral"
"LAT","20SW7-8","20SW8","20SW7",199.1,10,,TRUE,"Lateral connection"
"TFA","20SW7-8","20SW8","20SW7",199.1,10,,TRUE,"Factory Tap Active"
"LAT","20SW7-8","20SW8","20SW7",213.1,1,,TRUE,"Lateral connection"
"TFA","20SW7-8","20SW8","20SW7",213.1,1,,TRUE,"Factory Tap Active"
"LAT","20SW7-8","20SW8","20SW7",335.9,2,,TRUE,"Lateral connection"
"TFA","20SW7-8","20SW8","20SW7",335.9,2,,TRUE,"Factory Tap Active"
"AMH","20SW7-8","20SW8","20SW7",344.6,12,,TRUE,"Access Man Hole"
"STOP","20SW7-8","20SW8","20SW7",344.6,,,TRUE,"Inspection Stopped"
"START DS","20SW7-6","20SW7","20SW6",10,,,FALSE,"Start Inspection Downstream"
"LAT","20SW7-6","20SW7","20SW6",96.5,3,,FALSE,"Lateral connection"
"TSA","20SW7-6","20SW7","20SW6",96.5,3,,FALSE,"Tap Saddle Avtive"
"AMH","20SW7-6","20SW7","20SW6",244.2,12,,FALSE,"Access Man Hole"
"STOP","20SW7-6","20SW7","20SW6",244.2,,,FALSE,"Inspection Stopped"
"START DS","20SW10-6","20SW10","20SW6",10,,,FALSE,"Start Inspection Downstream"
"LAT","20SW10-6","20SW10","20SW6",11.3,10,,FALSE,"Lateral connection"
"TFA","20SW10-6","20SW10","20SW6",11.3,10,,FALSE,"Factory Tap Active"
"LAT","20SW10-6","20SW10","20SW6",25.9,10,,FALSE,"Lateral connection"
"TFA","20SW10-6","20SW10","20SW6",25.9,10,,FALSE,"Factory Tap Active"
"LAT","20SW10-6","20SW10","20SW6",87,2,,FALSE,"Lateral connection"
"TFA","20SW10-6","20SW10","20SW6",87,2,,FALSE,"Factory Tap Active"
"LAT","20SW10-6","20SW10","20SW6",241.4,10,,FALSE,"Lateral connection"
"TFA","20SW10-6","20SW10","20SW6",241.4,10,,FALSE,"Factory Tap Active"
"LAT","20SW10-6","20SW10","20SW6",260.4,3,,FALSE,"Lateral connection"
"TSA","20SW10-6","20SW10","20SW6",260.4,3,,FALSE,"Tap Saddle Avtive"
"LAT","20SW10-6","20SW10","20SW6",283.4,10,,FALSE,"Lateral connection"
"TFA","20SW10-6","20SW10","20SW6",283.4,10,,FALSE,"Factory Tap Active"
"LAT","20SW10-6","20SW10","20SW6",314,3,,FALSE,"Lateral connection"
"TFA","20SW10-6","20SW10","20SW6",314,3,,FALSE,"Factory Tap Active"
"Joint Offset","20SW10-6","20SW10","20SW6",341.4,7,,FALSE,"Joint Offset in the Pipe"
"LAT","20SW10-6","20SW10","20SW6",344.8,9,,FALSE,"Lateral connection"
"TFNA","20SW10-6","20SW10","20SW6",344.8,9,,FALSE,"Tap Factory Not Avtive"
"Joint Offset","20SW10-6","20SW10","20SW6",345.7,12,"Large",FALSE,"Joint Offset in the Pipe"
"AMH","20SW10-6","20SW10","20SW6",363.2,12,,FALSE,"Access Man Hole"
"STOP","20SW10-6","20SW10","20SW6",363.2,,,FALSE,"Inspection Stopped"
"START DS","20SW6-5","20SW6","20SW5",0,,,FALSE,"Start Inspection Downstream"
"LAT","20SW6-5","20SW6","20SW5",38.7,10,,FALSE,"Lateral connection"
"TFA","20SW6-5","20SW6","20SW5",38.7,10,,FALSE,"Factory Tap Active"
"LAT","20SW6-5","20SW6","20SW5",120.4,2,,FALSE,"Lateral connection"
"TFA","20SW6-5","20SW6","20SW5",120.4,2,,FALSE,"Factory Tap Active"
"AMH","20SW6-5","20SW6","20SW5",255.3,12,,FALSE,"Access Man Hole"
"STOP","20SW6-5","20SW6","20SW5",255.3,,,FALSE,"Inspection Stopped"
"START DS","20SW16-9","20S416","20SW9",10,,,FALSE,"Start Inspection Downstream"
"LAT","20SW16-9","20S416","20SW9",11.9,9,,FALSE,"Lateral connection"
"TSA","20SW16-9","20S416","20SW9",11.9,9,,FALSE,"Tap Saddle Avtive"
"AMH","20SW16-9","20S416","20SW9",116.2,12,,FALSE,"Access Man Hole"
"STOP","20SW16-9","20S416","20SW9",116.2,,,FALSE,"Inspection Stopped"
"START DS","20SW9-11","20SW9","20SW11",0,,,FALSE,"Start Inspection Downstream"
"LAT","20SW9-11","20SW9","20SW11",5.6,10,,FALSE,"Lateral connection"
"TFA","20SW9-11","20SW9","20SW11",5.6,10,,FALSE,"Factory Tap Active"
"LAT","20SW9-11","20SW9","20SW11",124,10,,FALSE,"Lateral connection"
"TFA","20SW9-11","20SW9","20SW11",124,10,,FALSE,"Factory Tap Active"
"LAT","20SW9-11","20SW9","20SW11",166,2,,FALSE,"Lateral connection"
"TFA","20SW9-11","20SW9","20SW11",166,2,,FALSE,"Factory Tap Active"
"LAT","20SW9-11","20SW9","20SW11",190.5,11,,FALSE,"Lateral connection"
"TFNA","20SW9-11","20SW9","20SW11",190.5,11,,FALSE,"Tap Factory Not Avtive"
"LAT","20SW9-11","20SW9","20SW11",200.3,11,,FALSE,"Lateral connection"
"TFA","20SW9-11","20SW9","20SW11",200.3,11,,FALSE,"Factory Tap Active"
"LAT","20SW9-11","20SW9","20SW11",396.6,1,,FALSE,"Lateral connection"
"TFA","20SW9-11","20SW9","20SW11",396.6,1,,FALSE,"Factory Tap Active"
"AMH","20SW9-11","20SW9","20SW11",501.8,12,,FALSE,"Access Man Hole"
"STOP","20SW9-11","20SW9","20SW11",501.8,,,FALSE,"Inspection Stopped"
"START DS","20SW11-12","20SW11","20SW12",10,,,FALSE,"Start Inspection Downstream"
"TFNA","20SW11-12","20SW11","20SW12",57.7,11,,FALSE,"Tap Factory Not Avtive"
"LAT","20SW11-12","20SW11","20SW12",127.6,10,,FALSE,"Lateral connection"
"TFA","20SW11-12","20SW11","20SW12",127.6,10,,FALSE,"Factory Tap Active"
"LAT","20SW11-12","20SW11","20SW12",242.6,1,,FALSE,"Lateral connection"
"TFA","20SW11-12","20SW11","20SW12",242.6,1,,FALSE,"Factory Tap Active"
"LAT","20SW11-12","20SW11","20SW12",248.5,10,,FALSE,"Lateral connection"
"TFA","20SW11-12","20SW11","20SW12",248.5,10,,FALSE,"Factory Tap Active"
"Root-in-Joint","20SW11-12","20SW11","20SW12",248.5,10,"Light",FALSE,"Root problem in joint"
"LAT","20SW11-12","20SW11","20SW12",312.4,11,,FALSE,"Lateral connection"
"TFA","20SW11-12","20SW11","20SW12",312.4,11,,FALSE,"Factory Tap Active"
"LAT","20SW11-12","20SW11","20SW12",321.3,11,,FALSE,"Lateral connection"
"TFA","20SW11-12","20SW11","20SW12",321.3,11,,FALSE,"Factory Tap Active"
"LAT","20SW11-12","20SW11","20SW12",395.1,1,,FALSE,"Lateral connection"
"TFA","20SW11-12","20SW11","20SW12",395.1,1,,FALSE,"Factory Tap Active"
"AMH","20SW11-12","20SW11","20SW12",414.8,12,,FALSE,"Access Man Hole"
"STOP","20SW11-12","20SW11","20SW12",414.8,,,FALSE,"Inspection Stopped"
"START DS","20SW12-13","20SW12","20SW13",0,,,FALSE,"Start Inspection Downstream"
"VC","20SW12-13","20SW12","20SW13",0.3,,,FALSE,"Vermon- Cockroaches"
"LAT","20SW12-13","20SW12","20SW13",44.7,1,,FALSE,"Lateral connection"
"TFA","20SW12-13","20SW12","20SW13",44.7,1,,FALSE,"Factory Tap Active"
"LAT","20SW12-13","20SW12","20SW13",169.6,11,,FALSE,"Lateral connection"
"TFA","20SW12-13","20SW12","20SW13",169.6,11,,FALSE,"Factory Tap Active"
"LAT","20SW12-13","20SW12","20SW13",173.3,1,,FALSE,"Lateral connection"
"TSA","20SW12-13","20SW12","20SW13",173.3,1,,FALSE,"Tap Saddle Avtive"
"AMH","20SW12-13","20SW12","20SW13",199.6,12,,FALSE,"Access Man Hole"
"STOP","20SW12-13","20SW12","20SW13",199.6,,,FALSE,"Inspection Stopped"
"START DS","20SW13-14","20SW13","20SW14",0,,,FALSE,"Start Inspection Downstream"
"LAT","20SW13-14","20SW13","20SW14",36.6,11,,FALSE,"Lateral connection"
"TFA","20SW13-14","20SW13","20SW14",36.6,11,,FALSE,"Factory Tap Active"
"LAT","20SW13-14","20SW13","20SW14",45.2,2,,FALSE,"Lateral connection"
"TFNA","20SW13-14","20SW13","20SW14",45.2,2,,FALSE,"Tap Factory Not Avtive"
"LAT","20SW13-14","20SW13","20SW14",70.9,10,,FALSE,"Lateral connection"
"TFA","20SW13-14","20SW13","20SW14",70.9,10,,FALSE,"Factory Tap Active"
"LAT","20SW13-14","20SW13","20SW14",117.5,2,,FALSE,"Lateral connection"
"TFA","20SW13-14","20SW13","20SW14",117.5,2,,FALSE,"Factory Tap Active"
"LAT","20SW13-14","20SW13","20SW14",139.1,10,,FALSE,"Lateral connection"
"TFNA","20SW13-14","20SW13","20SW14",139.1,10,,FALSE,"Tap Factory Not Avtive"
"AMH","20SW13-14","20SW13","20SW14",200.1,12,,FALSE,"Access Man Hole"
"STOP","20SW13-14","20SW13","20SW14",200.1,,,FALSE,"Inspection Stopped"
"START US","20SW14-5","20SW5","20SW14",10,,,TRUE,"Start Inspection Upstream"
"LAT","20SW14-5","20SW5","20SW14",151.6,10,,TRUE,"Lateral connection"
"TFA","20SW14-5","20SW5","20SW14",151.6,10,,TRUE,"Factory Tap Active"
"VC","20SW14-5","20SW5","20SW14",251.7,,,TRUE,"Vermon- Cockroaches"
"AMH","20SW14-5","20SW5","20SW14",253.2,12,,TRUE,"Access Man Hole"
"STOP","20SW14-5","20SW5","20SW14",253.2,,,TRUE,"Inspection Stopped"
"START DS","20SW14-15","20SW14","20SW15",10,,,FALSE,"Start Inspection Downstream"
"LAT","20SW14-15","20SW14","20SW15",205.3,10,,FALSE,"Lateral connection"
"TSA","20SW14-15","20SW14","20SW15",205.3,10,,FALSE,"Tap Saddle Avtive"
"LAT","20SW14-15","20SW14","20SW15",266.6,10,,FALSE,"Lateral connection"
"TSA","20SW14-15","20SW14","20SW15",266.6,10,,FALSE,"Tap Saddle Avtive"
"LAT","20SW14-15","20SW14","20SW15",328.2,10,,FALSE,"Lateral connection"
"TSA","20SW14-15","20SW14","20SW15",328.2,10,,FALSE,"Tap Saddle Avtive"
"AMH","20SW14-15","20SW14","20SW15",387.9,12,,FALSE,"Access Man Hole"
"STOP","20SW14-15","20SW14","20SW15",387.9,,,FALSE,"Inspection Stopped"
"START DS","20SW15-17","20SW15","20SW17",0,,,FALSE,"Start Inspection Downstream"
"LAT","20SW15-17","20SW15","20SW17",19.6,10,,FALSE,"Lateral connection"
"TSA","20SW15-17","20SW15","20SW17",19.6,10,,FALSE,"Tap Saddle Avtive"
"LAT","20SW15-17","20SW15","20SW17",93.1,10,,FALSE,"Lateral connection"
"TSA","20SW15-17","20SW15","20SW17",93.1,10,,FALSE,"Tap Saddle Avtive"
"AMH","20SW15-17","20SW15","20SW17",130.2,12,,FALSE,"Access Man Hole"
"STOP","20SW15-17","20SW15","20SW17",130.2,,,FALSE,"Inspection Stopped"
"START DS","20SW17-25","20SW17","20SW25",0,,,FALSE,"Start Inspection Downstream"
"LAT","20SW17-25","20SW17","20SW25",35.4,10,,FALSE,"Lateral connection"
"TSA","20SW17-25","20SW17","20SW25",35.4,10,,FALSE,"Tap Saddle Avtive"
"LAT","20SW17-25","20SW17","20SW25",99.9,10,,FALSE,"Lateral connection"
"TSA","20SW17-25","20SW17","20SW25",99.9,10,,FALSE,"Tap Saddle Avtive"
"VC","20SW17-25","20SW17","20SW25",309.7,,,FALSE,"Vermon- Cockroaches"
"AMH","20SW17-25","20SW17","20SW25",309.7,12,,FALSE,"Access Man Hole"
"STOP","20SW17-25","20SW17","20SW25",309.7,,,FALSE,"Inspection Stopped"
"START US","20SW19-19A","20SW19A","20SW19",10,,,TRUE,"Start Inspection Upstream"
"LAT","20SW19-19A","20SW19A","20SW19",36,9,,TRUE,"Lateral connection"
"TFA","20SW19-19A","20SW19A","20SW19",36,9,,TRUE,"Factory Tap Active"
"LAT","20SW19-19A","20SW19A","20SW19",73.7,3,,TRUE,"Lateral connection"
"TFA","20SW19-19A","20SW19A","20SW19",73.7,3,,TRUE,"Factory Tap Active"
"LAT","20SW19-19A","20SW19A","20SW19",79.9,9,,TRUE,"Lateral connection"
"TFA","20SW19-19A","20SW19A","20SW19",79.9,9,,TRUE,"Factory Tap Active"
"LAT","20SW19-19A","20SW19A","20SW19",130.7,3,,TRUE,"Lateral connection"
"TFA","20SW19-19A","20SW19A","20SW19",130.7,3,,TRUE,"Factory Tap Active"
"LAT","20SW19-19A","20SW19A","20SW19",135.7,9,,TRUE,"Lateral connection"
"TFA","20SW19-19A","20SW19A","20SW19",135.7,9,,TRUE,"Factory Tap Active"
"LAT","20SW19-19A","20SW19A","20SW19",186.7,3,,TRUE,"Lateral connection"
"TFA","20SW19-19A","20SW19A","20SW19",186.7,3,,TRUE,"Factory Tap Active"
"LAT","20SW19-19A","20SW19A","20SW19",191.7,9,,TRUE,"Lateral connection"
"TFA","20SW19-19A","20SW19A","20SW19",191.7,9,,TRUE,"Factory Tap Active"
"LAT","20SW19-19A","20SW19A","20SW19",243,3,,TRUE,"Lateral connection"
"TFA","20SW19-19A","20SW19A","20SW19",243,3,,TRUE,"Factory Tap Active"
"LAT","20SW19-19A","20SW19A","20SW19",247.3,9,,TRUE,"Lateral connection"
"TFA","20SW19-19A","20SW19A","20SW19",247.3,9,,TRUE,"Factory Tap Active"
"LAT","20SW19-19A","20SW19A","20SW19",299.6,3,,TRUE,"Lateral connection"
"TFA","20SW19-19A","20SW19A","20SW19",299.6,3,,TRUE,"Factory Tap Active"
"LAT","20SW19-19A","20SW19A","20SW19",304.1,9,,TRUE,"Lateral connection"
"TFA","20SW19-19A","20SW19A","20SW19",304.1,9,,TRUE,"Factory Tap Active"
"AMH","20SW19-19A","20SW19A","20SW19",320.4,12,,TRUE,"Access Man Hole"
"STOP","20SW19-19A","20SW19A","20SW19",320.4,,,TRUE,"Inspection Stopped"
"START US","20SW19-A-CO3","20SWCO3","20SW19A",0,,,TRUE,"Start Inspection Upstream"
"LAT","20SW19-A-CO3","20SWCO3","20SW19A",27,3,,TRUE,"Lateral connection"
"TFA","20SW19-A-CO3","20SWCO3","20SW19A",27,3,,TRUE,"Factory Tap Active"
"LAT","20SW19-A-CO3","20SWCO3","20SW19A",46.7,9,,TRUE,"Lateral connection"
"TFA","20SW19-A-CO3","20SWCO3","20SW19A",46.7,9,,TRUE,"Factory Tap Active"
"LAT","20SW19-A-CO3","20SWCO3","20SW19A",77.7,3,,TRUE,"Lateral connection"
"TFA","20SW19-A-CO3","20SWCO3","20SW19A",77.7,3,,TRUE,"Factory Tap Active"
"LAT","20SW19-A-CO3","20SWCO3","20SW19A",88.2,9,,TRUE,"Lateral connection"
"TFA","20SW19-A-CO3","20SWCO3","20SW19A",88.2,9,,TRUE,"Factory Tap Active"
"Clean Out","20SW19-A-CO3","20SWCO3","20SW19A",99.1,12,,TRUE,"Clean Out"
"STOP","20SW19-A-CO3","20SWCO3","20SW19A",99.1,,,TRUE,"Inspection Stopped"
"START DS","20SW19-18","20SW19","20SW18",10,,,FALSE,"Start Inspection Downstream"
"LAT","20SW19-18","20SW19","20SW18",17,3,,FALSE,"Lateral connection"
"TFA","20SW19-18","20SW19","20SW18",17,3,,FALSE,"Factory Tap Active"
"LAT","20SW19-18","20SW19","20SW18",68.9,3,,FALSE,"Lateral connection"
"TFA","20SW19-18","20SW19","20SW18",68.9,3,,FALSE,"Factory Tap Active"
"LAT","20SW19-18","20SW19","20SW18",124.7,3,,FALSE,"Lateral connection"
"TFA","20SW19-18","20SW19","20SW18",124.7,3,,FALSE,"Factory Tap Active"
"LAT","20SW19-18","20SW19","20SW18",182.3,3,,FALSE,"Lateral connection"
"TFA","20SW19-18","20SW19","20SW18",182.3,3,,FALSE,"Factory Tap Active"
"LAT","20SW19-18","20SW19","20SW18",236.2,3,,FALSE,"Lateral connection"
"TFA","20SW19-18","20SW19","20SW18",236.2,3,,FALSE,"Factory Tap Active"
"LAT","20SW19-18","20SW19","20SW18",272,9,,FALSE,"Lateral connection"
"AMH","20SW19-18","20SW19","20SW18",272,12,,FALSE,"Access Man Hole"
"STOP","20SW19-18","20SW19","20SW18",272.4,,,FALSE,"Inspection Stopped"
"START US","20SW18-18A","20SW18A","20SW18",10,,,TRUE,"Start Inspection Upstream"
"LAT","20SW18-18A","20SW18A","20SW18",66.4,9,,TRUE,"Lateral connection"
"TFA","20SW18-18A","20SW18A","20SW18",66.4,9,,TRUE,"Factory Tap Active"
"LAT","20SW18-18A","20SW18A","20SW18",70.5,3,,TRUE,"Lateral connection"
"TFA","20SW18-18A","20SW18A","20SW18",70.5,3,,TRUE,"Factory Tap Active"
"LAT","20SW18-18A","20SW18A","20SW18",126.5,9,,TRUE,"Lateral connection"
"TFA","20SW18-18A","20SW18A","20SW18",126.5,9,,TRUE,"Factory Tap Active"
"LAT","20SW18-18A","20SW18A","20SW18",131.7,3,,TRUE,"Lateral connection"
"TFA","20SW18-18A","20SW18A","20SW18",131.7,3,,TRUE,"Factory Tap Active"
"LAT","20SW18-18A","20SW18A","20SW18",184.6,10,,TRUE,"Lateral connection"
"TFA","20SW18-18A","20SW18A","20SW18",184.6,10,,TRUE,"Factory Tap Active"
"LAT","20SW18-18A","20SW18A","20SW18",196.2,3,,TRUE,"Lateral connection"
"TFA","20SW18-18A","20SW18A","20SW18",196.2,3,,TRUE,"Factory Tap Active"
"LAT","20SW18-18A","20SW18A","20SW18",240.5,9,,TRUE,"Lateral connection"
"TFA","20SW18-18A","20SW18A","20SW18",240.5,9,,TRUE,"Factory Tap Active"
"AMH","20SW18-18A","20SW18A","20SW18",256,12,,TRUE,"Access Man Hole"
"STOP","20SW18-18A","20SW18A","20SW18",256,,,TRUE,"Inspection Stopped"
"START US","20SW18A-CO2","20SWCO2","20SW18A",0,,,TRUE,"Start Inspection Upstream"
"LAT","20SW18A-CO2","20SWCO2","20SW18A",19,3,,TRUE,"Lateral connection"
"TFA","20SW18A-CO2","20SWCO2","20SW18A",19,3,,TRUE,"Factory Tap Active"
"LAT","20SW18A-CO2","20SWCO2","20SW18A",40.5,10,,TRUE,"Lateral connection"
"TFA","20SW18A-CO2","20SWCO2","20SW18A",40.5,10,,TRUE,"Factory Tap Active"
"LAT","20SW18A-CO2","20SWCO2","20SW18A",94.3,3,,TRUE,"Lateral connection"
"TFA","20SW18A-CO2","20SWCO2","20SW18A",94.3,3,,TRUE,"Factory Tap Active"
"LAT","20SW18A-CO2","20SWCO2","20SW18A",106.2,9,,TRUE,"Lateral connection"
"TFA","20SW18A-CO2","20SWCO2","20SW18A",106.2,9,,TRUE,"Factory Tap Active"
"LAT","20SW18A-CO2","20SWCO2","20SW18A",118.2,3,,TRUE,"Lateral connection"
"TFA","20SW18A-CO2","20SWCO2","20SW18A",118.2,3,,TRUE,"Factory Tap Active"
"LATBLOCKED","20SW18A-CO2","20SWCO2","20SW18A",129.6,12,,TRUE,"Blocked lateral connecion"
"VC","20SW18A-CO2","20SWCO2","20SW18A",129.6,,,TRUE,"Vermon- Cockroaches"
"Clean Out","20SW18A-CO2","20SWCO2","20SW18A",129.6,12,,TRUE,"Clean Out"
"STOP","20SW18A-CO2","20SWCO2","20SW18A",129.6,,,TRUE,"Inspection Stopped"
"START DS","20SW18-17","20SW18","20SW17",10,,,FALSE,"Start Inspection Downstream"
"LAT","20SW18-17","20SW18","20SW17",15.9,3,,FALSE,"Lateral connection"
"TFA","20SW18-17","20SW18","20SW17",15.9,3,,FALSE,"Factory Tap Active"
"LAT","20SW18-17","20SW18","20SW17",71.1,2,,FALSE,"Lateral connection"
"TFA","20SW18-17","20SW18","20SW17",71.1,2,,FALSE,"Factory Tap Active"
"LAT","20SW18-17","20SW18","20SW17",126.9,3,,FALSE,"Lateral connection"
"TFA","20SW18-17","20SW18","20SW17",126.9,3,,FALSE,"Factory Tap Active"
"AMH","20SW18-17","20SW18","20SW17",208.9,12,,FALSE,"Access Man Hole"
"STOP","20SW18-17","20SW18","20SW17",208.9,,,FALSE,"Inspection Stopped"
"START DS","20SW20-25","20SW20","20SW25",5,,,FALSE,"Start Inspection Downstream"
"LAT","20SW20-25","20SW20","20SW25",5,9,,FALSE,"Lateral connection"
"TSA","20SW20-25","20SW20","20SW25",5,9,,FALSE,"Tap Saddle Avtive"
"LAT","20SW20-25","20SW20","20SW25",152.2,2,,FALSE,"Lateral connection"
"TFA","20SW20-25","20SW20","20SW25",152.2,2,,FALSE,"Factory Tap Active"
"LAT","20SW20-25","20SW20","20SW25",173.6,11,,FALSE,"Lateral connection"
"TFA","20SW20-25","20SW20","20SW25",173.6,11,,FALSE,"Factory Tap Active"
"LAT","20SW20-25","20SW20","20SW25",191.5,1,,FALSE,"Lateral connection"
"TFNA","20SW20-25","20SW20","20SW25",191.5,1,,FALSE,"Tap Factory Not Avtive"
"LAT","20SW20-25","20SW20","20SW25",261.1,10,,FALSE,"Lateral connection"
"TFA","20SW20-25","20SW20","20SW25",261.1,10,,FALSE,"Factory Tap Active"
"LAT","20SW20-25","20SW20","20SW25",324.7,1,,FALSE,"Lateral connection"
"TFA","20SW20-25","20SW20","20SW25",324.7,1,,FALSE,"Factory Tap Active"
"LAT","20SW20-25","20SW20","20SW25",408.5,3,,FALSE,"Lateral connection"
"TFA","20SW20-25","20SW20","20SW25",408.5,3,,FALSE,"Factory Tap Active"
"Sag","20SW20-25","20SW20","20SW25",460.2,,,FALSE,"Sag in the pipe"
"VC","20SW20-25","20SW20","20SW25",484,,,FALSE,"Vermon- Cockroaches"
"AMH","20SW20-25","20SW20","20SW25",484,12,,FALSE,"Access Man Hole"
"STOP","20SW20-25","20SW20","20SW25",484,,,FALSE,"Inspection Stopped"
"START DS","20SW25-26","20SW25","20SW26",0,,,FALSE,"Start Inspection Downstream"
"LAT","20SW25-26","20SW25","20SW26",97.1,11,,FALSE,"Lateral connection"
"TFA","20SW25-26","20SW25","20SW26",97.1,11,,FALSE,"Factory Tap Active"
"LAT","20SW25-26","20SW25","20SW26",103.6,1,,FALSE,"Lateral connection"
"TFA","20SW25-26","20SW25","20SW26",103.6,1,,FALSE,"Factory Tap Active"
"LAT","20SW25-26","20SW25","20SW26",119.4,10,,FALSE,"Lateral connection"
"TFA","20SW25-26","20SW25","20SW26",119.4,10,,FALSE,"Factory Tap Active"
"LAT","20SW25-26","20SW25","20SW26",205.6,10,,FALSE,"Lateral connection"
"TFA","20SW25-26","20SW25","20SW26",205.6,10,,FALSE,"Factory Tap Active"
"LAT","20SW25-26","20SW25","20SW26",291.3,11,,FALSE,"Lateral connection"
"TFA","20SW25-26","20SW25","20SW26",291.3,11,,FALSE,"Factory Tap Active"
"AMH","20SW25-26","20SW25","20SW26",377.6,12,,FALSE,"Access Man Hole"
"STOP","20SW25-26","20SW25","20SW26",377.6,,,FALSE,"Inspection Stopped"
"START DS","20SW26-27","20SW26","20SW27",0,,,FALSE,"Start Inspection Downstream"
"LAT","20SW26-27","20SW26","20SW27",113,2,,FALSE,"Lateral connection"
"TFA","20SW26-27","20SW26","20SW27",113,2,,FALSE,"Factory Tap Active"
"LAT","20SW26-27","20SW26","20SW27",172.4,11,,FALSE,"Lateral connection"
"TFA","20SW26-27","20SW26","20SW27",172.4,10,,FALSE,"Factory Tap Active"
"LAT","20SW26-27","20SW26","20SW27",344.8,10,,FALSE,"Lateral connection"
"TFA","20SW26-27","20SW26","20SW27",344.8,10,,FALSE,"Factory Tap Active"
"LAT","20SW26-27","20SW26","20SW27",368.1,12,,FALSE,"Lateral connection"
"TFA","20SW26-27","20SW26","20SW27",368.1,12,,FALSE,"Factory Tap Active"
"AMH","20SW26-27","20SW26","20SW27",378.3,12,,FALSE,"Access Man Hole"
"STOP","20SW26-27","20SW26","20SW27",378.3,,,FALSE,"Inspection Stopped"
"START DS","20SW24-32","20SW24","20SW32",10,,,FALSE,"Start Inspection Downstream"
"LAT","20SW24-32","20SW24","20SW32",62.7,11,,FALSE,"Lateral connection"
"TFA","20SW24-32","20SW24","20SW32",62.7,11,,FALSE,"Factory Tap Active"
"LAT","20SW24-32","20SW24","20SW32",173.4,10,,FALSE,"Lateral connection"
"TFA","20SW24-32","20SW24","20SW32",173.4,10,,FALSE,"Factory Tap Active"
"LAT","20SW24-32","20SW24","20SW32",199.6,1,,FALSE,"Lateral connection"
"TFA","20SW24-32","20SW24","20SW32",199.6,1,,FALSE,"Factory Tap Active"
"LAT","20SW24-32","20SW24","20SW32",331.5,2,,FALSE,"Lateral connection"
"TFA","20SW24-32","20SW24","20SW32",331.5,2,,FALSE,"Factory Tap Active"
"LAT","20SW24-32","20SW24","20SW32",337.8,10,,FALSE,"Lateral connection"
"TFA","20SW24-32","20SW24","20SW32",337.8,10,,FALSE,"Factory Tap Active"
"LAT","20SW24-32","20SW24","20SW32",373.8,1,,FALSE,"Lateral connection"
"TFA","20SW24-32","20SW24","20SW32",373.8,1,,FALSE,"Factory Tap Active"
"LAT","20SW24-32","20SW24","20SW32",429,11,,FALSE,"Lateral connection"
"TFNA","20SW24-32","20SW24","20SW32",429,11,,FALSE,"Tap Factory Not Avtive"
"AMH","20SW24-32","20SW24","20SW32",493.5,12,,FALSE,"Access Man Hole"
"STOP","20SW24-32","20SW24","20SW32",493.5,,,FALSE,"Inspection Stopped"
"START DS","20SW32-31","20SW32","20SW31",0,,,FALSE,"Start Inspection Downstream"
"LAT","20SW32-31","20SW32","20SW31",87.4,10,,FALSE,"Lateral connection"
"TFA","20SW32-31","20SW32","20SW31",87.4,10,,FALSE,"Factory Tap Active"
"LAT","20SW32-31","20SW32","20SW31",111.3,2,,FALSE,"Lateral connection"
"TSA","20SW32-31","20SW32","20SW31",111.3,2,,FALSE,"Tap Saddle Avtive"
"LAT","20SW32-31","20SW32","20SW31",123.9,1,,FALSE,"Lateral connection"
"TFA","20SW32-31","20SW32","20SW31",123.9,1,,FALSE,"Factory Tap Active"
"BSV","20SW32-31","20SW32","20SW31",123.9,1,,FALSE,"Broken Soil Visible"
"LAT","20SW32-31","20SW32","20SW31",201.8,1,,FALSE,"Lateral connection"
"TFNA","20SW32-31","20SW32","20SW31",201.8,1,,FALSE,"Tap Factory Not Avtive"
"LAT","20SW32-31","20SW32","20SW31",323.3,2,,FALSE,"Lateral connection"
"TSA","20SW32-31","20SW32","20SW31",323.3,2,,FALSE,"Tap Saddle Avtive"
"AMH","20SW32-31","20SW32","20SW31",377.4,12,,FALSE,"Access Man Hole"
"STOP","20SW32-31","20SW32","20SW31",377.4,,,FALSE,"Inspection Stopped"
"START DS","20SW21-22","20SW21","20SW22",10,,,FALSE,"Start Inspection Downstream"
"LAT","20SW21-22","20SW21","20SW22",200.3,1,,FALSE,"Lateral connection"
"TFA","20SW21-22","20SW21","20SW22",200.3,1,,FALSE,"Factory Tap Active"
"LAT","20SW21-22","20SW21","20SW22",231,1,,FALSE,"Lateral connection"
"TFA","20SW21-22","20SW21","20SW22",231,1,,FALSE,"Factory Tap Active"
"LAT","20SW21-22","20SW21","20SW22",395.9,3,,FALSE,"Lateral connection"
"AMH","20SW21-22","20SW21","20SW22",395.9,12,,FALSE,"Access Man Hole"
"STOP","20SW21-22","20SW21","20SW22",395.9,,,FALSE,"Inspection Stopped"
"START DS","20SW22-23","20SW22","20SW23",0,,,FALSE,"Start Inspection Downstream"
"LAT","20SW22-23","20SW22","20SW23",74.7,3,,FALSE,"Lateral connection"
"AMH","20SW22-23","20SW22","20SW23",74.7,12,,FALSE,"Access Man Hole"
"STOP","20SW22-23","20SW22","20SW23",74.7,,,FALSE,"Inspection Stopped"
"START DS","20SW31-30","20SW31","20SW30",10,,,FALSE,"Start Inspection Downstream"
"LAT","20SW31-30","20SW31","20SW30",20,2,,FALSE,"Lateral connection"
"TFNA","20SW31-30","20SW31","20SW30",20,2,,FALSE,"Tap Factory Not Avtive"
"LAT","20SW31-30","20SW31","20SW30",187.1,11,,FALSE,"Lateral connection"
"TFA","20SW31-30","20SW31","20SW30",187.1,11,,FALSE,"Factory Tap Active"
"LAT","20SW31-30","20SW31","20SW30",205.1,11,,FALSE,"Lateral connection"
"TFA","20SW31-30","20SW31","20SW30",205.1,11,,FALSE,"Factory Tap Active"
"LAT","20SW31-30","20SW31","20SW30",295.9,1,,FALSE,"Lateral connection"
"TFA","20SW31-30","20SW31","20SW30",295.9,1,,FALSE,"Factory Tap Active"
"LAT","20SW31-30","20SW31","20SW30",378.4,3,,FALSE,"Lateral connection"
"VC","20SW31-30","20SW31","20SW30",378.4,,,FALSE,"Vermon- Cockroaches"
"LATBLOCKED","20SW31-30","20SW31","20SW30",378.4,3,,FALSE,"Blocked lateral connecion"
"LAT","20SW31-30","20SW31","20SW30",378.4,9,,FALSE,"Lateral connection"
"AMH","20SW31-30","20SW31","20SW30",378.4,12,,FALSE,"Access Man Hole"
"STOP","20SW31-30","20SW31","20SW30",378.4,,,FALSE,"Inspection Stopped"
"START DS","20SW30-29","20SW30","20SW29",0,,,FALSE,"Start Inspection Downstream"
"LAT","20SW30-29","20SW30","20SW29",103.1,2,,FALSE,"Lateral connection"
"TFA","20SW30-29","20SW30","20SW29",103.1,2,,FALSE,"Factory Tap Active"
"LAT","20SW30-29","20SW30","20SW29",166.5,11,,FALSE,"Lateral connection"
"TFA","20SW30-29","20SW30","20SW29",166.5,11,,FALSE,"Factory Tap Active"
"LAT","20SW30-29","20SW30","20SW29",188.7,3,,FALSE,"Lateral connection"
"TSA","20SW30-29","20SW30","20SW29",188.7,3,,FALSE,"Tap Saddle Avtive"
"LAT","20SW30-29","20SW30","20SW29",263,2,,FALSE,"Lateral connection"
"TFNA","20SW30-29","20SW30","20SW29",263,2,,FALSE,"Tap Factory Not Avtive"
"LAT","20SW30-29","20SW30","20SW29",378.4,6,,FALSE,"Lateral connection"
"AMH","20SW30-29","20SW30","20SW29",381.6,12,,FALSE,"Access Man Hole"
"STOP","20SW30-29","20SW30","20SW29",381.6,,,FALSE,"Inspection Stopped"
"START US","20SW28-27","20SW27","20SW28",9,,,TRUE,"Start Inspection Upstream"
"LAT","20SW28-27","20SW27","20SW28",9.2,3,,TRUE,"Lateral connection"
"TSA","20SW28-27","20SW27","20SW28",9.2,3,,TRUE,"Tap Saddle Avtive"
"LAT","20SW28-27","20SW27","20SW28",79.4,1,,TRUE,"Lateral connection"
"TFA","20SW28-27","20SW27","20SW28",79.4,1,,TRUE,"Factory Tap Active"
"LAT","20SW28-27","20SW27","20SW28",160.3,1,,TRUE,"Lateral connection"
"TFA","20SW28-27","20SW27","20SW28",160.3,1,,TRUE,"Factory Tap Active"
"LAT","20SW28-27","20SW27","20SW28",334.8,2,,TRUE,"Lateral connection"
"TFA","20SW28-27","20SW27","20SW28",334.8,2,,TRUE,"Factory Tap Active"
"LAT","20SW28-27","20SW27","20SW28",377.8,12,,TRUE,"Lateral connection"
"TFA","20SW28-27","20SW27","20SW28",377.8,12,,TRUE,"Factory Tap Active"
"AMH","20SW28-27","20SW27","20SW28",383.1,12,,TRUE,"Access Man Hole"
"STOP","20SW28-27","20SW27","20SW28",383.1,,,TRUE,"Inspection Stopped"
"START DS","20SW28-29","20SW28","20SW29",10,,,FALSE,"Start Inspection Downstream"
"LAT","20SW28-29","20SW28","20SW29",116.6,2,,FALSE,"Lateral connection"
"TSA","20SW28-29","20SW28","20SW29",116.6,2,,FALSE,"Tap Saddle Avtive"
"LAT","20SW28-29","20SW28","20SW29",185.2,11,,FALSE,"Lateral connection"
"TFNA","20SW28-29","20SW28","20SW29",185.2,11,,FALSE,"Tap Factory Not Avtive"
"LAT","20SW28-29","20SW28","20SW29",227.8,6,,FALSE,"Lateral connection"
"AMH","20SW28-29","20SW28","20SW29",230.6,12,,FALSE,"Access Man Hole"
"STOP","20SW28-29","20SW28","20SW29",230.6,,,FALSE,"Inspection Stopped"
"START DS","20SW23-33","20SW23","20SW33",4,,,FALSE,"Start Inspection Downstream"
"LAT","20SW23-33","20SW23","20SW33",4,3,,FALSE,"Lateral connection"
"TFA","20SW23-33","20SW23","20SW33",4,3,,FALSE,"Factory Tap Active"
"LAT","20SW23-33","20SW23","20SW33",102.5,9,,FALSE,"Lateral connection"
"TFA","20SW23-33","20SW23","20SW33",102.5,9,,FALSE,"Factory Tap Active"
"LAT","20SW23-33","20SW23","20SW33",130.7,1,,FALSE,"Lateral connection"
"TSA","20SW23-33","20SW23","20SW33",130.7,1,,FALSE,"Tap Saddle Avtive"
"Joint - Gasket","20SW23-33","20SW23","20SW33",130.7,1,,FALSE,"Joint Gasket exposed"
"MGO","20SW23-33","20SW23","20SW33",147.7,6,,FALSE,"General Observation"
"LAT","20SW23-33","20SW23","20SW33",210.3,1,,FALSE,"Lateral connection"
"TFNA","20SW23-33","20SW23","20SW33",210.3,1,,FALSE,"Tap Factory Not Active"
"LATROOTS","20SW23-33","20SW23","20SW33",278.7,11,,FALSE,"Lateral root problems"
"LAT","20SW23-33","20SW23","20SW33",279.1,11,,FALSE,"Lateral connection"
"TFA","20SW23-33","20SW23","20SW33",279.1,11,,FALSE,"Factory Tap Active"
"LAT","20SW23-33","20SW23","20SW33",325.3,1,,FALSE,"Lateral connection"
"TFNA","20SW23-33","20SW23","20SW33",325.3,1,,FALSE,"Tap Factory Not Active"
"LAT","20SW23-33","20SW23","20SW33",423.4,1,,FALSE,"Lateral connection"
"TFA","20SW23-33","20SW23","20SW33",423.4,1,,FALSE,"Factory Tap Active"
"AMH","20SW23-33","20SW23","20SW33",505,12,,FALSE,"Access Man Hole"
"STOP","20SW23-33","20SW23","20SW33",505,,,FALSE,"Inspection Stopped"
"START DS","20SW33-34","20SW33","20SW34",0,,,FALSE,"Start Inspection Downstream"
"LAT","20SW33-34","20SW33","20SW34",38.8,1,,FALSE,"Lateral connection"
"TFA","20SW33-34","20SW33","20SW34",38.8,1,,FALSE,"Factory Tap Active"
"LAT","20SW33-34","20SW33","20SW34",104.7,12,,FALSE,"Lateral connection"
"TFNA","20SW33-34","20SW33","20SW34",104.7,12,,FALSE,"Tap Factory Not Active"
"LAT","20SW33-34","20SW33","20SW34",181.6,2,,FALSE,"Lateral connection"
"TSA","20SW33-34","20SW33","20SW34",181.6,2,,FALSE,"Tap Saddle Avtive"
"Joint - Gasket","20SW33-34","20SW33","20SW34",181.6,2,,FALSE,"Joint Gasket exposed"
"LAT","20SW33-34","20SW33","20SW34",219.2,11,,FALSE,"Lateral connection"
"TFA","20SW33-34","20SW33","20SW34",219.2,11,,FALSE,"Factory Tap Active"
"LAT","20SW33-34","20SW33","20SW34",226.4,11,,FALSE,"Lateral connection"
"TSA","20SW33-34","20SW33","20SW34",226.4,11,,FALSE,"Tap Saddle Avtive"
"LAT","20SW33-34","20SW33","20SW34",298.4,1,,FALSE,"Lateral connection"
"TFA","20SW33-34","20SW33","20SW34",298.4,1,,FALSE,"Factory Tap Active"
"LAT","20SW33-34","20SW33","20SW34",306.4,10,,FALSE,"Lateral connection"
"TFNA","20SW33-34","20SW33","20SW34",306.4,10,,FALSE,"Tap Factory Not Active"
"LAT","20SW33-34","20SW33","20SW34",371.7,2,,FALSE,"Lateral connection"
"TSA","20SW33-34","20SW33","20SW34",371.7,2,,FALSE,"Tap Saddle Avtive"
"AMH","20SW33-34","20SW33","20SW34",392,12,,FALSE,"Access Man Hole"
"STOP","20SW33-34","20SW33","20SW34",392,,,FALSE,"Inspection Stopped"
"START DS","20SW34-35","20SW34","20SW35",0,,,FALSE,"Start Inspection Downstream"
"LAT","20SW34-35","20SW34","20SW35",9.5,10,,FALSE,"Lateral connection"
"TFA","20SW34-35","20SW34","20SW35",9.5,10,,FALSE,"Factory Tap Active"
"LAT","20SW34-35","20SW34","20SW35",18.4,11,,FALSE,"Lateral connection"
"TFA","20SW34-35","20SW34","20SW35",18.4,11,,FALSE,"Factory Tap Active"
"LAT","20SW34-35","20SW34","20SW35",185.5,11,,FALSE,"Lateral connection"
"TFA","20SW34-35","20SW34","20SW35",185.5,11,,FALSE,"Factory Tap Active"
"LAT","20SW34-35","20SW34","20SW35",232.9,2,,FALSE,"Lateral connection"
"TFA","20SW34-35","20SW34","20SW35",232.9,2,,FALSE,"Factory Tap Active"
"LAT","20SW34-35","20SW34","20SW35",289.5,10,,FALSE,"Lateral connection"
"TFA","20SW34-35","20SW34","20SW35",289.5,10,,FALSE,"Factory Tap Active"
"LAT","20SW34-35","20SW34","20SW35",313.2,1,,FALSE,"Lateral connection"
"TFA","20SW34-35","20SW34","20SW35",313.2,1,,FALSE,"Factory Tap Active"
"LAT","20SW34-35","20SW34","20SW35",333.6,12,,FALSE,"Lateral connection"
"TSA","20SW34-35","20SW34","20SW35",333.6,12,,FALSE,"Tap Saddle Avtive"
"AMH","20SW34-35","20SW34","20SW35",368.2,12,,FALSE,"Access Man Hole"
"STOP","20SW34-35","20SW34","20SW35",368.2,,,FALSE,"Inspection Stopped"
"START US","20SW36-35","20SW35","20SW36",7,,,TRUE,"Start Inspection Upstream"
"LAT","20SW36-35","20SW35","20SW36",7,9,,TRUE,"Lateral connection"
"TFA","20SW36-35","20SW35","20SW36",7,9,,TRUE,"Factory Tap Active"
"LAT","20SW36-35","20SW35","20SW36",19.1,11,,TRUE,"Lateral connection"
"TFA","20SW36-35","20SW35","20SW36",19.1,11,,TRUE,"Factory Tap Active"
"LAT","20SW36-35","20SW35","20SW36",42.8,2,,TRUE,"Lateral connection"
"TFA","20SW36-35","20SW35","20SW36",42.8,2,,TRUE,"Factory Tap Active"
"LAT","20SW36-35","20SW35","20SW36",103.9,11,,TRUE,"Lateral connection"
"TFA","20SW36-35","20SW35","20SW36",103.9,11,,TRUE,"Factory Tap Active"
"LAT","20SW36-35","20SW35","20SW36",191,10,,TRUE,"Lateral connection"
"TSA","20SW36-35","20SW35","20SW36",191,10,,TRUE,"Tap Saddle Avtive"
"LAT","20SW36-35","20SW35","20SW36",198.8,2,,TRUE,"Lateral connection"
"TFA","20SW36-35","20SW35","20SW36",198.8,2,,TRUE,"Factory Tap Active"
"LAT","20SW36-35","20SW35","20SW36",213.2,2,,TRUE,"Lateral connection"
"TFA","20SW36-35","20SW35","20SW36",213.2,2,,TRUE,"Factory Tap Active"
"LAT","20SW36-35","20SW35","20SW36",268.6,10,,TRUE,"Lateral connection"
"TFA","20SW36-35","20SW35","20SW36",268.6,10,,TRUE,"Factory Tap Active"
"STOP","20SW36-35","20SW35","20SW36",391.5,,,TRUE,"Inspection Stopped"
"START DS","20SW36-29","20SW36","20SW29",10,,,FALSE,"Start Inspection Downstream"
"LAT","20SW36-29","20SW36","20SW29",32,2,,FALSE,"Lateral connection"
"TSA","20SW36-29","20SW36","20SW29",32,2,,FALSE,"Tap Saddle Avtive"
"LAT","20SW36-29","20SW36","20SW29",99.7,2,,FALSE,"Lateral connection"
"TSA","20SW36-29","20SW36","20SW29",99.7,2,,FALSE,"Tap Saddle Avtive"
"AMH","20SW36-29","20SW36","20SW29",219.9,12,,FALSE,"Access Man Hole"
"STOP","20SW36-29","20SW36","20SW29",219.9,,,FALSE,"Inspection Stopped"
"START US","20SW77-CO4","20SW77","20SWCO4",10,,,TRUE,"Start Inspection Upstream"
"LAT","20SW77-CO4","20SW77","20SWCO4",46,9,,TRUE,"Lateral connection"
"TFA","20SW77-CO4","20SW77","20SWCO4",46,9,,TRUE,"Factory Tap Active"
"LAT","20SW77-CO4","20SW77","20SWCO4",60.1,3,,TRUE,"Lateral connection"
"TFA","20SW77-CO4","20SW77","20SWCO4",60.1,3,,TRUE,"Factory Tap Active"
"LAT","20SW77-CO4","20SW77","20SWCO4",101.1,3,,TRUE,"Lateral connection"
"TFNA","20SW77-CO4","20SW77","20SWCO4",101.1,3,,TRUE,"Tap Factory Not Active"
"LAT","20SW77-CO4","20SW77","20SWCO4",102.2,9,,TRUE,"Lateral connection"
"TFNA","20SW77-CO4","20SW77","20SWCO4",102.2,9,,TRUE,"Tap Factory Not Active"
"Clean Out","20SW77-CO4","20SW77","20SWCO4",112.9,12,,TRUE,"Clean Out"
"STOP","20SW77-CO4","20SW77","20SWCO4",112.9,,,TRUE,"Inspection Stopped"
"START US","20SW77-76","20SW76","20SW77",10,,,TRUE,"Start Inspection Upstream"
"LAT","20SW77-76","20SW76","20SW77",18.7,3,,TRUE,"Lateral connection"
"TFNA","20SW77-76","20SW76","20SW77",18.7,3,,TRUE,"Tap Factory Not Active"
"LAT","20SW77-76","20SW76","20SW77",38.1,9,,TRUE,"Lateral connection"
"TFA","20SW77-76","20SW76","20SW77",38.1,9,,TRUE,"Factory Tap Active"
"AMH","20SW77-76","20SW76","20SW77",49.8,12,,TRUE,"Access Man Hole"
"STOP","20SW77-76","20SW76","20SW77",49.8,,,TRUE,"Inspection Stopped"
"START DS","20SW77-68","20SW77","20SW68",10,,,FALSE,"Start Inspection Downstream"
"LAT","20SW77-68","20SW77","20SW68",36,9,,FALSE,"Lateral connection"
"TFA","20SW77-68","20SW77","20SW68",36,9,,FALSE,"Factory Tap Active"
"LAT","20SW77-68","20SW77","20SW68",84.8,9,,FALSE,"Lateral connection"
"TFA","20SW77-68","20SW77","20SW68",84.8,9,,FALSE,"Factory Tap Active"
"LAT","20SW77-68","20SW77","20SW68",110,3,,FALSE,"Lateral connection"
"TFA","20SW77-68","20SW77","20SW68",110,3,,FALSE,"Factory Tap Active"
"LAT","20SW77-68","20SW77","20SW68",151.2,9,,FALSE,"Lateral connection"
"TFA","20SW77-68","20SW77","20SW68",151.2,9,,FALSE,"Factory Tap Active"
"LAT","20SW77-68","20SW77","20SW68",159.4,3,,FALSE,"Lateral connection"
"TFA","20SW77-68","20SW77","20SW68",159.4,3,,FALSE,"Factory Tap Active"
"LAT","20SW77-68","20SW77","20SW68",196.1,9,,FALSE,"Lateral connection"
"TFA","20SW77-68","20SW77","20SW68",196.1,9,,FALSE,"Factory Tap Active"
"LAT","20SW77-68","20SW77","20SW68",203.3,3,,FALSE,"Lateral connection"
"TFA","20SW77-68","20SW77","20SW68",203.3,3,,FALSE,"Factory Tap Active"
"LAT","20SW77-68","20SW77","20SW68",243.8,9,,FALSE,"Lateral connection"
"TFA","20SW77-68","20SW77","20SW68",243.8,3,,FALSE,"Factory Tap Active"
"LAT","20SW77-68","20SW77","20SW68",250,2,,FALSE,"Lateral connection"
"TFA","20SW77-68","20SW77","20SW68",250,2,,FALSE,"Factory Tap Active"
"AMH","20SW77-68","20SW77","20SW68",290.1,12,,FALSE,"Access Man Hole"
"STOP","20SW77-68","20SW77","20SW68",290.1,,,FALSE,"Inspection Stopped"
"START DS","20SW28-69","20SW68","20SW69",10,,,FALSE,"Start Inspection Downstream"
"LAT","20SW28-69","20SW68","20SW69",12.4,3,,FALSE,"Lateral connection"
"TFA","20SW28-69","20SW68","20SW69",12.4,3,,FALSE,"Factory Tap Active"
"LAT","20SW28-69","20SW68","20SW69",51.2,3,,FALSE,"Lateral connection"
"TFA","20SW28-69","20SW68","20SW69",51.2,3,,FALSE,"Factory Tap Active"
"LAT","20SW28-69","20SW68","20SW69",100.4,3,,FALSE,"Lateral connection"
"TFA","20SW28-69","20SW68","20SW69",100.4,3,,FALSE,"Factory Tap Active"
"LAT","20SW28-69","20SW68","20SW69",148.6,3,,FALSE,"Lateral connection"
"TFA","20SW28-69","20SW68","20SW69",148.6,3,,FALSE,"Factory Tap Active"
"AMH","20SW28-69","20SW68","20SW69",189,12,,FALSE,"Access Man Hole"
"STOP","20SW28-69","20SW68","20SW69",189,,,FALSE,"Inspection Stopped"
"START DS","20SW69-70","20SW69","20SW70",0,,,FALSE,"Start Inspection Downstream"
"LAT","20SW69-70","20SW69","20SW70",7.9,3,,FALSE,"Lateral connection"
"TFA","20SW69-70","20SW69","20SW70",7.9,3,,FALSE,"Factory Tap Active"
"LAT","20SW69-70","20SW69","20SW70",57.9,3,,FALSE,"Lateral connection"
"TFA","20SW69-70","20SW69","20SW70",57.9,3,,FALSE,"Factory Tap Active"
"LAT","20SW69-70","20SW69","20SW70",102.9,3,,FALSE,"Lateral connection"
"TFA","20SW69-70","20SW69","20SW70",102.9,3,,FALSE,"Factory Tap Active"
"LAT","20SW69-70","20SW69","20SW70",153.1,3,,FALSE,"Lateral connection"
"TFA","20SW69-70","20SW69","20SW70",153.1,3,,FALSE,"Factory Tap Active"
"AMH","20SW69-70","20SW69","20SW70",187.7,12,,FALSE,"Access Man Hole"
"STOP","20SW69-70","20SW69","20SW70",187.7,,,FALSE,"Inspection Stopped"
"START DS","20SW70-71","20SW70","20SW71",0,,,FALSE,"Start Inspection Downstream"
"LAT","20SW70-71","20SW70","20SW71",13.1,3,,FALSE,"Lateral connection"
"TFA","20SW70-71","20SW70","20SW71",13.1,3,,FALSE,"Factory Tap Active"
"LAT","20SW70-71","20SW70","20SW71",60.3,3,,FALSE,"Lateral connection"
"TFA","20SW70-71","20SW70","20SW71",60.3,3,,FALSE,"Factory Tap Active"
"LAT","20SW70-71","20SW70","20SW71",110.5,9,,FALSE,"Lateral connection"
"TSNA","20SW70-71","20SW70","20SW71",110.5,9,,FALSE,"Tap Saddle Not Active"
"LAT","20SW70-71","20SW70","20SW71",112.1,3,,FALSE,"Lateral connection"
"TFA","20SW70-71","20SW70","20SW71",112.1,3,,FALSE,"Factory Tap Active"
"LAT","20SW70-71","20SW70","20SW71",157.3,9,,FALSE,"Lateral connection"
"TFA","20SW70-71","20SW70","20SW71",157.3,9,,FALSE,"Factory Tap Active"
"LAT","20SW70-71","20SW70","20SW71",159.4,3,,FALSE,"Lateral connection"
"TFA","20SW70-71","20SW70","20SW71",159.4,3,,FALSE,"Factory Tap Active"
"LAT","20SW70-71","20SW70","20SW71",201.7,9,,FALSE,"Lateral connection"
"TFA","20SW70-71","20SW70","20SW71",201.7,9,,FALSE,"Factory Tap Active"
"LAT","20SW70-71","20SW70","20SW71",207.6,3,,FALSE,"Lateral connection"
"TFA","20SW70-71","20SW70","20SW71",207.6,3,,FALSE,"Factory Tap Active"
"LAT","20SW70-71","20SW70","20SW71",247.7,9,,FALSE,"Lateral connection"
"TFA","20SW70-71","20SW70","20SW71",247.7,9,,FALSE,"Factory Tap Active"
"LAT","20SW70-71","20SW70","20SW71",262.4,3,,FALSE,"Lateral connection"
"TFA","20SW70-71","20SW70","20SW71",262.4,3,,FALSE,"Factory Tap Active"
"AMH","20SW70-71","20SW70","20SW71",280,12,,FALSE,"Access Man Hole"
"STOP","20SW70-71","20SW70","20SW71",280,,,FALSE,"Inspection Stopped"
"START DS","20SW76-75","20SW76","20SW75",10,,,FALSE,"Start Inspection Downstream"
"LAT","20SW76-75","20SW76","20SW75",17.2,9,,FALSE,"Lateral connection"
"TFA","20SW76-75","20SW76","20SW75",17.2,9,,FALSE,"Factory Tap Active"
"LAT","20SW76-75","20SW76","20SW75",62.4,9,,FALSE,"Lateral connection"
"TFA","20SW76-75","20SW76","20SW75",62.4,9,,FALSE,"Factory Tap Active"
"LAT","20SW76-75","20SW76","20SW75",106.7,9,,FALSE,"Lateral connection"
"TFA","20SW76-75","20SW76","20SW75",106.7,9,,FALSE,"Factory Tap Active"
"LAT","20SW76-75","20SW76","20SW75",152.6,9,,FALSE,"Lateral connection"
"TFA","20SW76-75","20SW76","20SW75",152.6,9,,FALSE,"Factory Tap Active"
"AMH","20SW76-75","20SW76","20SW75",167.6,12,,FALSE,"Access Man Hole"
"STOP","20SW76-75","20SW76","20SW75",167.6,,,FALSE,"Inspection Stopped"
"START DS","20SW75-74","20SW75","20SW74",0,,,FALSE,"Start Inspection Downstream"
"LAT","20SW75-74","20SW75","20SW74",31.8,9,,FALSE,"Lateral connection"
"TFA","20SW75-74","20SW75","20SW74",31.8,9,,FALSE,"Factory Tap Active"
"LAT","20SW75-74","20SW75","20SW74",75.7,9,,FALSE,"Lateral connection"
"TFA","20SW75-74","20SW75","20SW74",75.7,9,,FALSE,"Factory Tap Active"
"LAT","20SW75-74","20SW75","20SW74",123,9,,FALSE,"Lateral connection"
"TFA","20SW75-74","20SW75","20SW74",123,9,,FALSE,"Factory Tap Active"
"LAT","20SW75-74","20SW75","20SW74",158,9,,FALSE,"Lateral connection"
"TFA","20SW75-74","20SW75","20SW74",158,9,,FALSE,"Factory Tap Active"
"AMH","20SW75-74","20SW75","20SW74",188.2,12,,FALSE,"Access Man Hole"
"STOP","20SW75-74","20SW75","20SW74",188.2,,,FALSE,"Inspection Stopped"
"START DS","20SW74-73","20SW74","20SW73",0,,,FALSE,"Start Inspection Downstream"
"LAT","20SW74-73","20SW74","20SW73",24.8,9,,FALSE,"Lateral connection"
"TFA","20SW74-73","20SW74","20SW73",24.8,9,,FALSE,"Factory Tap Active"
"LAT","20SW74-73","20SW74","20SW73",68.9,9,,FALSE,"Lateral connection"
"TFA","20SW74-73","20SW74","20SW73",68.9,9,,FALSE,"Factory Tap Active"
"LAT","20SW74-73","20SW74","20SW73",110.9,3,,FALSE,"Lateral connection"
"TFA","20SW74-73","20SW74","20SW73",110.9,3,,FALSE,"Factory Tap Active"
"LAT","20SW74-73","20SW74","20SW73",114.9,9,,FALSE,"Lateral connection"
"TFA","20SW74-73","20SW74","20SW73",114.9,9,,FALSE,"Factory Tap Active"
"LAT","20SW74-73","20SW74","20SW73",160.7,9,,FALSE,"Lateral connection"
"TFA","20SW74-73","20SW74","20SW73",160.7,9,,FALSE,"Factory Tap Active"
"LAT","20SW74-73","20SW74","20SW73",203.8,2,,FALSE,"Lateral connection"
"TFA","20SW74-73","20SW74","20SW73",203.8,2,,FALSE,"Factory Tap Active"
"LAT","20SW74-73","20SW74","20SW73",206.3,9,,FALSE,"Lateral connection"
"TFA","20SW74-73","20SW74","20SW73",206.3,9,,FALSE,"Factory Tap Active"
"LAT","20SW74-73","20SW74","20SW73",248,3,,FALSE,"Lateral connection"
"TFA","20SW74-73","20SW74","20SW73",248,3,,FALSE,"Factory Tap Active"
"LAT","20SW74-73","20SW74","20SW73",253.6,9,,FALSE,"Lateral connection"
"TFA","20SW74-73","20SW74","20SW73",253.6,9,,FALSE,"Factory Tap Active"
"LAT","20SW74-73","20SW74","20SW73",273.2,9,,FALSE,"Lateral connection"
"TFA","20SW74-73","20SW74","20SW73",273.2,9,,FALSE,"Factory Tap Active"
"AMH","20SW74-73","20SW74","20SW73",280.5,12,,FALSE,"Access Man Hole"
"STOP","20SW74-73","20SW74","20SW73",280.5,,,FALSE,"Inspection Stopped"
"START DS","20SW69-75","20SW69","20SW75",10,,,FALSE,"Start Inspection Downstream"
"LAT","20SW69-75","20SW69","20SW75",43.2,9,,FALSE,"Lateral connection"
"TFA","20SW69-75","20SW69","20SW75",43.2,9,,FALSE,"Factory Tap Active"
"LAT","20SW69-75","20SW69","20SW75",45.4,3,,FALSE,"Lateral connection"
"TFA","20SW69-75","20SW69","20SW75",45.4,3,,FALSE,"Factory Tap Active"
"LAT","20SW69-75","20SW69","20SW75",92,3,,FALSE,"Lateral connection"
"TFA","20SW69-75","20SW69","20SW75",92,3,,FALSE,"Factory Tap Active"
"LAT","20SW69-75","20SW69","20SW75",94.3,9,,FALSE,"Lateral connection"
"TFA","20SW69-75","20SW69","20SW75",94.3,9,,FALSE,"Factory Tap Active"
"LAT","20SW69-75","20SW69","20SW75",136.9,9,,FALSE,"Lateral connection"
"TFA","20SW69-75","20SW69","20SW75",136.9,9,,FALSE,"Factory Tap Active"
"LAT","20SW69-75","20SW69","20SW75",139.3,3,,FALSE,"Lateral connection"
"TFA","20SW69-75","20SW69","20SW75",139.3,3,,FALSE,"Factory Tap Active"
"LAT","20SW69-75","20SW69","20SW75",204.9,9,,FALSE,"Lateral connection"
"TFA","20SW69-75","20SW69","20SW75",204.9,9,,FALSE,"Factory Tap Active"
"LAT","20SW69-75","20SW69","20SW75",207,3,,FALSE,"Lateral connection"
"TFA","20SW69-75","20SW69","20SW75",207,3,,FALSE,"Factory Tap Active"
"LAT","20SW69-75","20SW69","20SW75",249.1,9,,FALSE,"Lateral connection"
"TFA","20SW69-75","20SW69","20SW75",249.1,9,,FALSE,"Factory Tap Active"
"LAT","20SW69-75","20SW69","20SW75",252,3,,FALSE,"Lateral connection"
"TFA","20SW69-75","20SW69","20SW75",252,3,,FALSE,"Factory Tap Active"
"LAT","20SW69-75","20SW69","20SW75",294.2,9,,FALSE,"Lateral connection"
"TFA","20SW69-75","20SW69","20SW75",294.2,9,,FALSE,"Factory Tap Active"
"LAT","20SW69-75","20SW69","20SW75",300.1,3,,FALSE,"Lateral connection"
"TFA","20SW69-75","20SW69","20SW75",300.1,3,,FALSE,"Factory Tap Active"
"AMH","20SW69-75","20SW69","20SW75",336.3,12,,FALSE,"Access Man Hole"
"STOP","20SW69-75","20SW69","20SW75",336.3,,,FALSE,"Inspection Stopped"
"START US","20SW70-74","20SW74","20SW70",10,,,TRUE,"Start Inspection Upstream"
"LAT","20SW70-74","20SW74","20SW70",41.8,3,,TRUE,"Lateral connection"
"TFA","20SW70-74","20SW74","20SW70",41.8,3,,TRUE,"Factory Tap Active"
"LAT","20SW70-74","20SW74","20SW70",44.3,9,,TRUE,"Lateral connection"
"TFA","20SW70-74","20SW74","20SW70",44.3,9,,TRUE,"Factory Tap Active"
"LAT","20SW70-74","20SW74","20SW70",93.2,10,,TRUE,"Lateral connection"
"TFA","20SW70-74","20SW74","20SW70",93.2,10,,TRUE,"Factory Tap Active"
"LAT","20SW70-74","20SW74","20SW70",94.7,3,,TRUE,"Lateral connection"
"TFA","20SW70-74","20SW74","20SW70",94.7,3,,TRUE,"Factory Tap Active"
"LAT","20SW70-74","20SW74","20SW70",138,9,,TRUE,"Lateral connection"
"TFA","20SW70-74","20SW74","20SW70",138,9,,TRUE,"Factory Tap Active"
"LAT","20SW70-74","20SW74","20SW70",140.5,3,,TRUE,"Lateral connection"
"TFA","20SW70-74","20SW74","20SW70",140.5,3,,TRUE,"Factory Tap Active"
"LAT","20SW70-74","20SW74","20SW70",205.7,3,,TRUE,"Lateral connection"
"TFA","20SW70-74","20SW74","20SW70",205.7,3,,TRUE,"Factory Tap Active"
"LAT","20SW70-74","20SW74","20SW70",207.5,9,,TRUE,"Lateral connection"
"TFA","20SW70-74","20SW74","20SW70",207.5,9,,TRUE,"Factory Tap Active"
"LAT","20SW70-74","20SW74","20SW70",250.9,2,,TRUE,"Lateral connection"
"TFA","20SW70-74","20SW74","20SW70",250.9,2,,TRUE,"Factory Tap Active"
"LAT","20SW70-74","20SW74","20SW70",252.6,9,,TRUE,"Lateral connection"
"TFA","20SW70-74","20SW74","20SW70",252.6,9,,TRUE,"Factory Tap Active"
"LAT","20SW70-74","20SW74","20SW70",295.5,9,,TRUE,"Lateral connection"
"TFA","20SW70-74","20SW74","20SW70",295.5,9,,TRUE,"Factory Tap Active"
"LAT","20SW70-74","20SW74","20SW70",298.7,3,,TRUE,"Lateral connection"
"TFA","20SW70-74","20SW74","20SW70",298.7,3,,TRUE,"Factory Tap Active"
"AMH","20SW70-74","20SW74","20SW70",337,12,,TRUE,"Access Man Hole"
"STOP","20SW70-74","20SW74","20SW70",337,,,TRUE,"Inspection Stopped"
"START US","20SW72-73","20SW73","20SE72",10,,,TRUE,"Start Inspection Upstream"
"LAT","20SW72-73","20SW73","20SE72",62.4,3,,TRUE,"Lateral connection"
"TFA","20SW72-73","20SW73","20SE72",62.4,3,,TRUE,"Factory Tap Active"
"LAT","20SW72-73","20SW73","20SE72",110.1,3,,TRUE,"Lateral connection"
"TFA","20SW72-73","20SW73","20SE72",110.1,3,,TRUE,"Factory Tap Active"
"LAT","20SW72-73","20SW73","20SE72",148.4,3,,TRUE,"Lateral connection"
"TFA","20SW72-73","20SW73","20SE72",148.4,3,,TRUE,"Factory Tap Active"
"AMH","20SW72-73","20SW73","20SE72",162.8,12,,TRUE,"Access Man Hole"
"STOP","20SW72-73","20SW73","20SE72",162.8,,,TRUE,"Inspection Stopped"
"START US","20SW72-71","20SW71","20SW72",10,,,TRUE,"Start Inspection Upstream"
"LAT","20SW72-71","20SW71","20SW72",52.3,10,,TRUE,"Lateral connection"
"TFA","20SW72-71","20SW71","20SW72",52.3,10,,TRUE,"Factory Tap Active"
"LAT","20SW72-71","20SW71","20SW72",68.7,3,,TRUE,"Lateral connection"
"TFA","20SW72-71","20SW71","20SW72",68.7,3,,TRUE,"Factory Tap Active"
"LAT","20SW72-71","20SW71","20SW72",100.8,10,,TRUE,"Lateral connection"
"TFA","20SW72-71","20SW71","20SW72",100.8,10,,TRUE,"Factory Tap Active"
"LAT","20SW72-71","20SW71","20SW72",143.1,9,,TRUE,"Lateral connection"
"TFA","20SW72-71","20SW71","20SW72",143.1,9,,TRUE,"Factory Tap Active"
"LAT","20SW72-71","20SW71","20SW72",160.7,9,,TRUE,"Lateral connection"
"TFA","20SW72-71","20SW71","20SW72",160.7,9,,TRUE,"Factory Tap Active"
"AMH","20SW72-71","20SW71","20SW72",173.2,12,,TRUE,"Access Man Hole"
"STOP","20SW72-71","20SW71","20SW72",173.2,,,TRUE,"Inspection Stopped"
"START DS","20SW72-78A","20SW72","20SW78A",10,,,FALSE,"Start Inspection Downstream"
"AMH","20SW72-78A","20SW72","20SW78A",149.3,12,,FALSE,"Access Man Hole"
"STOP","20SW72-78A","20SW72","20SW78A",149.3,,,FALSE,"Inspection Stopped"
"START US","20SW65-64","20SW64","20SW65",10,,,TRUE,"Start Inspection Upstream"
"LAT","20SW65-64","20SW64","20SW65",74.3,9,,TRUE,"Lateral connection"
"TFA","20SW65-64","20SW64","20SW65",74.3,9,,TRUE,"Factory Tap Active"
"LAT","20SW65-64","20SW64","20SW65",84.2,3,,TRUE,"Lateral connection"
"TFA","20SW65-64","20SW64","20SW65",84.2,3,,TRUE,"Factory Tap Active"
"LAT","20SW65-64","20SW64","20SW65",130.7,9,,TRUE,"Lateral connection"
"TFA","20SW65-64","20SW64","20SW65",130.7,9,,TRUE,"Factory Tap Active"
"LAT","20SW65-64","20SW64","20SW65",141.3,3,,TRUE,"Lateral connection"
"TFA","20SW65-64","20SW64","20SW65",141.3,3,,TRUE,"Factory Tap Active"
"LAT","20SW65-64","20SW64","20SW65",187,9,,TRUE,"Lateral connection"
"TFA","20SW65-64","20SW64","20SW65",187,9,,TRUE,"Factory Tap Active"
"LAT","20SW65-64","20SW64","20SW65",204.5,3,,TRUE,"Lateral connection"
"TFA","20SW65-64","20SW64","20SW65",204.5,3,,TRUE,"Factory Tap Active"
"LAT","20SW65-64","20SW64","20SW65",248.6,9,,TRUE,"Lateral connection"
"TFA","20SW65-64","20SW64","20SW65",248.6,9,,TRUE,"Factory Tap Active"
"LAT","20SW65-64","20SW64","20SW65",259.6,3,,TRUE,"Lateral connection"
"TFA","20SW65-64","20SW64","20SW65",259.6,3,,TRUE,"Factory Tap Active"
"AMH","20SW65-64","20SW64","20SW65",289.4,12,,TRUE,"Access Man Hole"
"STOP","20SW65-64","20SW64","20SW65",289.4,,,TRUE,"Inspection Stopped"
"START US","20SW64-63","20SW63","20SW64",0,,,TRUE,"Start Inspection Upstream"
"LAT","20SW64-63","20SW63","20SW64",21.8,3,,TRUE,"Lateral connection"
"TFA","20SW64-63","20SW63","20SW64",21.8,3,,TRUE,"Factory Tap Active"
"LAT","20SW64-63","20SW63","20SW64",44,9,,TRUE,"Lateral connection"
"TFA","20SW64-63","20SW63","20SW64",44,9,,TRUE,"Factory Tap Active"
"LAT","20SW64-63","20SW63","20SW64",75.2,3,,TRUE,"Lateral connection"
"TFA","20SW64-63","20SW63","20SW64",75.2,3,,TRUE,"Factory Tap Active"
"LAT","20SW64-63","20SW63","20SW64",116.2,9,,TRUE,"Lateral connection"
"TFA","20SW64-63","20SW63","20SW64",116.2,9,,TRUE,"Factory Tap Active"
"LAT","20SW64-63","20SW63","20SW64",134.9,3,,TRUE,"Lateral connection"
"TFA","20SW64-63","20SW63","20SW64",134.9,3,,TRUE,"Factory Tap Active"
"LAT","20SW64-63","20SW63","20SW64",146.4,9,,TRUE,"Lateral connection"
"TFA","20SW64-63","20SW63","20SW64",146.4,9,,TRUE,"Factory Tap Active"
"LAT","20SW64-63","20SW63","20SW64",170,2,,TRUE,"Lateral connection"
"AMH","20SW64-63","20SW63","20SW64",170,12,,TRUE,"Access Man Hole"
"STOP","20SW64-63","20SW63","20SW64",170,,,TRUE,"Inspection Stopped"
"START US","20SW65-66","20SW66","20SW65",10,,,TRUE,"Start Inspection Upstream"
"LAT","20SW65-66","20SW66","20SW65",53.2,9,,TRUE,"Lateral connection"
"TFA","20SW65-66","20SW66","20SW65",53.2,9,,TRUE,"Factory Tap Active"
"LAT","20SW65-66","20SW66","20SW65",67.3,3,,TRUE,"Lateral connection"
"TFA","20SW65-66","20SW66","20SW65",67.3,3,,TRUE,"Factory Tap Active"
"LAT","20SW65-66","20SW66","20SW65",106.1,9,,TRUE,"Lateral connection"
"TFA","20SW65-66","20SW66","20SW65",106.1,9,,TRUE,"Factory Tap Active"
"LAT","20SW65-66","20SW66","20SW65",121.5,3,,TRUE,"Lateral connection"
"TFA","20SW65-66","20SW66","20SW65",121.5,3,,TRUE,"Factory Tap Active"
"LAT","20SW65-66","20SW66","20SW65",172.1,9,,TRUE,"Lateral connection"
"TFA","20SW65-66","20SW66","20SW65",172.1,9,,TRUE,"Factory Tap Active"
"LAT","20SW65-66","20SW66","20SW65",179,3,,TRUE,"Lateral connection"
"TFA","20SW65-66","20SW66","20SW65",179,3,,TRUE,"Factory Tap Active"
"AMH","20SW65-66","20SW66","20SW65",229.7,12,,TRUE,"Access Man Hole"
"STOP","20SW65-66","20SW66","20SW65",229.7,,,TRUE,"Inspection Stopped"
"START US","20SW66-67","20SW67","20SW66",0,,,TRUE,"Start Inspection Upstream"
"LAT","20SW66-67","20SW67","20SW66",7.9,3,,TRUE,"Lateral connection"
"TFA","20SW66-67","20SW67","20SW66",7.9,3,,TRUE,"Factory Tap Active"
"LAT","20SW66-67","20SW67","20SW66",13.7,9,,TRUE,"Lateral connection"
"TFA","20SW66-67","20SW67","20SW66",13.7,9,,TRUE,"Factory Tap Active"
"LAT","20SW66-67","20SW67","20SW66",52.9,3,,TRUE,"Lateral connection"
"TFA","20SW66-67","20SW67","20SW66",52.9,3,,TRUE,"Factory Tap Active"
"LAT","20SW66-67","20SW67","20SW66",86.6,9,,TRUE,"Lateral connection"
"TFA","20SW66-67","20SW67","20SW66",86.6,9,,TRUE,"Factory Tap Active"
"LAT","20SW66-67","20SW67","20SW66",109.1,3,,TRUE,"Lateral connection"
"TFA","20SW66-67","20SW67","20SW66",109.1,3,,TRUE,"Factory Tap Active"
"LAT","20SW66-67","20SW67","20SW66",135.7,9,,TRUE,"Lateral connection"
"TFA","20SW66-67","20SW67","20SW66",135.7,9,,TRUE,"Factory Tap Active"
"LAT","20SW66-67","20SW67","20SW66",166.1,3,,TRUE,"Lateral connection"
"TFA","20SW66-67","20SW67","20SW66",166.1,3,,TRUE,"Factory Tap Active"
"LAT","20SW66-67","20SW67","20SW66",187.5,9,,TRUE,"Lateral connection"
"TFA","20SW66-67","20SW67","20SW66",187.5,9,,TRUE,"Factory Tap Active"
"LAT","20SW66-67","20SW67","20SW66",211.3,10,,TRUE,"Lateral connection"
"AMH","20SW66-67","20SW67","20SW66",211.3,12,,TRUE,"Access Man Hole"
"STOP","20SW66-67","20SW67","20SW66",211.3,,,TRUE,"Inspection Stopped"
"START DS","20SW65-60","20SW65","20SW60",10,,,FALSE,"Start Inspection Downstream"
"AMH","20SW65-60","20SW65","20SW60",296.7,12,,FALSE,"Access Man Hole"
"STOP","20SW65-60","20SW65","20SW60",296.7,,,FALSE,"Inspection Stopped"
"START DS","20SW62-61","20SW62","20SW61",10,,,FALSE,"Start Inspection Downstream"
"LAT","20SW62-61","20SW62","20SW61",28.2,3,,FALSE,"Lateral connection"
"TFA","20SW62-61","20SW62","20SW61",28.2,3,,FALSE,"Factory Tap Active"
"LAT","20SW62-61","20SW62","20SW61",33.9,9,,FALSE,"Lateral connection"
"TFA","20SW62-61","20SW62","20SW61",33.9,9,,FALSE,"Factory Tap Active"
"LAT","20SW62-61","20SW62","20SW61",39.3,3,,FALSE,"Lateral connection"
"TFA","20SW62-61","20SW62","20SW61",39.3,3,,FALSE,"Factory Tap Active"
"LAT","20SW62-61","20SW62","20SW61",84.6,9,,FALSE,"Lateral connection"
"TFA","20SW62-61","20SW62","20SW61",84.6,9,,FALSE,"Factory Tap Active"
"LAT","20SW62-61","20SW62","20SW61",90.4,3,,FALSE,"Lateral connection"
"TFA","20SW62-61","20SW62","20SW61",90.4,3,,FALSE,"Factory Tap Active"
"AMH","20SW62-61","20SW62","20SW61",112.1,12,,FALSE,"Access Man Hole"
"STOP","20SW62-61","20SW62","20SW61",112.1,,,FALSE,"Inspection Stopped"
"START DS","20SW61-82","20SW61","20SW82",0,,,FALSE,"Start Inspection Downstream"
"LAT","20SW61-82","20SW61","20SW82",11.3,9,,FALSE,"Lateral connection"
"TFA","20SW61-82","20SW61","20SW82",11.3,9,,FALSE,"Factory Tap Active"
"LAT","20SW61-82","20SW61","20SW82",60.3,3,,FALSE,"Lateral connection"
"TFA","20SW61-82","20SW61","20SW82",60.3,3,,FALSE,"Factory Tap Active"
"LAT","20SW61-82","20SW61","20SW82",64.6,9,,FALSE,"Lateral connection"
"TFA","20SW61-82","20SW61","20SW82",64.6,9,,FALSE,"Factory Tap Active"
"LAT","20SW61-82","20SW61","20SW82",124.8,9,,FALSE,"Lateral connection"
"TFA","20SW61-82","20SW61","20SW82",124.8,9,,FALSE,"Factory Tap Active"
"LAT","20SW61-82","20SW61","20SW82",139.1,3,,FALSE,"Lateral connection"
"TFA","20SW61-82","20SW61","20SW82",139.1,3,,FALSE,"Factory Tap Active"
"AMH","20SW61-82","20SW61","20SW82",173,12,,FALSE,"Access Man Hole"
"STOP","20SW61-82","20SW61","20SW82",173,,,FALSE,"Inspection Stopped"
"START US","20SW79-80","20SW80","20SW79",10,,,TRUE,"Start Inspection Upstream"
"LAT","20SW79-80","20SW80","20SW79",59.5,10,,TRUE,"Lateral connection"
"TFA","20SW79-80","20SW80","20SW79",59.5,10,,TRUE,"Factory Tap Active"
"LAT","20SW79-80","20SW80","20SW79",67.2,2,,TRUE,"Lateral connection"
"TFA","20SW79-80","20SW80","20SW79",67.2,2,,TRUE,"Factory Tap Active"
"LAT","20SW79-80","20SW80","20SW79",106.1,9,,TRUE,"Lateral connection"
"TFA","20SW79-80","20SW80","20SW79",106.1,9,,TRUE,"Factory Tap Active"
"AMH","20SW79-80","20SW80","20SW79",113.1,12,,TRUE,"Access Man Hole"
"STOP","20SW79-80","20SW80","20SW79",113.1,,,TRUE,"Inspection Stopped"
"START US","20SW80-81","20SW81","20SW80",0,,,TRUE,"Start Inspection Upstream"
"LAT","20SW80-81","20SW81","20SW80",14.4,3,,TRUE,"Lateral connection"
"TFA","20SW80-81","20SW81","20SW80",14.4,3,,TRUE,"Factory Tap Active"
"LAT","20SW80-81","20SW81","20SW80",45.4,9,,TRUE,"Lateral connection"
"TFA","20SW80-81","20SW81","20SW80",45.4,9,,TRUE,"Factory Tap Active"
"LAT","20SW80-81","20SW81","20SW80",83.3,3,,TRUE,"Lateral connection"
"TFA","20SW80-81","20SW81","20SW80",83.3,3,,TRUE,"Factory Tap Active"
"LAT","20SW80-81","20SW81","20SW80",101.1,9,,TRUE,"Lateral connection"
"TFA","20SW80-81","20SW81","20SW80",101.1,9,,TRUE,"Factory Tap Active"
"LAT","20SW80-81","20SW81","20SW80",143.4,3,,TRUE,"Lateral connection"
"TFA","20SW80-81","20SW81","20SW80",143.4,3,,TRUE,"Factory Tap Active"
"LAT","20SW80-81","20SW81","20SW80",146.9,9,,TRUE,"Lateral connection"
"TFA","20SW80-81","20SW81","20SW80",146.9,9,,TRUE,"Factory Tap Active"
"LAT","20SW80-81","20SW81","20SW80",195.7,3,,TRUE,"Lateral connection"
"TFA","20SW80-81","20SW81","20SW80",195.7,3,,TRUE,"Factory Tap Active"
"LAT","20SW80-81","20SW81","20SW80",208.5,9,,TRUE,"Lateral connection"
"TFA","20SW80-81","20SW81","20SW80",208.5,9,,TRUE,"Factory Tap Active"
"AMH","20SW80-81","20SW81","20SW80",216.7,12,,TRUE,"Access Man Hole"
"STOP","20SW80-81","20SW81","20SW80",216.7,,,TRUE,"Inspection Stopped"
"START US","20SW79-67","20SW67","20SW79",10,,,TRUE,"Start Inspection Upstream"
"LAT","20SW79-67","20SW67","20SW79",34,3,,TRUE,"Lateral connection"
"TFA","20SW79-67","20SW67","20SW79",34,3,,TRUE,"Factory Tap Active"
"LAT","20SW79-67","20SW67","20SW79",86.7,3,,TRUE,"Lateral connection"
"TFA","20SW79-67","20SW67","20SW79",86.7,3,,TRUE,"Factory Tap Active"
"LAT","20SW79-67","20SW67","20SW79",141.6,3,,TRUE,"Lateral connection"
"TFA","20SW79-67","20SW67","20SW79",141.6,3,,TRUE,"Factory Tap Active"
"LAT","20SW79-67","20SW67","20SW79",193.3,3,,TRUE,"Lateral connection"
"TFA","20SW79-67","20SW67","20SW79",193.3,3,,TRUE,"Factory Tap Active"
"LAT","20SW79-67","20SW67","20SW79",252.4,3,,TRUE,"Lateral connection"
"TFA","20SW79-67","20SW67","20SW79",252.4,3,,TRUE,"Factory Tap Active"
"LAT","20SW79-67","20SW67","20SW79",270.5,3,,TRUE,"Lateral connection"
"AMH","20SW79-67","20SW67","20SW79",270.5,12,,TRUE,"Access Man Hole"
"STOP","20SW79-67","20SW67","20SW79",270.5,,,TRUE,"Inspection Stopped"
"START DS","20SW60-59","20SW60","20SW59",10,,,FALSE,"Start Inspection Downstream"
"LAT","20SW60-59","20SW60","20SW59",54.6,3,,FALSE,"Lateral connection"
"TFA","20SW60-59","20SW60","20SW59",54.6,3,,FALSE,"Factory Tap Active"
"AMH","20SW60-59","20SW60","20SW59",66.7,12,,FALSE,"Access Man Hole"
"STOP","20SW60-59","20SW60","20SW59",66.7,,,FALSE,"Inspection Stopped"
"START DS","20SW59-58","20SW59","20SW58",0,,,FALSE,"Start Inspection Downstream"
"LAT","20SW59-58","20SW59","20SW58",91.9,3,,FALSE,"Lateral connection"
"TFA","20SW59-58","20SW59","20SW58",91.9,3,,FALSE,"Factory Tap Active"
"AMH","20SW59-58","20SW59","20SW58",153.9,12,,FALSE,"Access Man Hole"
"STOP","20SW59-58","20SW59","20SW58",153.9,,,FALSE,"Inspection Stopped"
"START DS","20SW58-56","20SW58","20SW56",0,,,FALSE,"Start Inspection Downstream"
"LAT","20SW58-56","20SW58","20SW56",43.4,3,,FALSE,"Lateral connection"
"TFA","20SW58-56","20SW58","20SW56",43.4,3,,FALSE,"Factory Tap Active"
"LAT","20SW58-56","20SW58","20SW56",106.5,3,,FALSE,"Lateral connection"
"TFA","20SW58-56","20SW58","20SW56",106.5,3,,FALSE,"Factory Tap Active"
"LAT","20SW58-56","20SW58","20SW56",172.9,2,,FALSE,"Lateral connection"
"TFA","20SW58-56","20SW58","20SW56",172.9,2,,FALSE,"Factory Tap Active"
"LAT","20SW58-56","20SW58","20SW56",218.7,3,,FALSE,"Lateral connection"
"TFA","20SW58-56","20SW58","20SW56",218.7,3,,FALSE,"Factory Tap Active"
"AMH","20SW58-56","20SW58","20SW56",286.8,12,,FALSE,"Access Man Hole"
"STOP","20SW58-56","20SW58","20SW56",286.8,,,FALSE,"Inspection Stopped"
"START DS","20SW82-49","20SW82","20SW49",10,,,FALSE,"Start Inspection Downstream"
"AMH","20SW82-49","20SW82","20SW49",308.3,12,,FALSE,"Access Man Hole"
"STOP","20SW82-49","20SW82","20SW49",308.3,,,FALSE,"Inspection Stopped"
"START US","20SW55-79","20SW79","20SW55",3,,,TRUE,"Start Inspection Upstream"
"LAT","20SW55-79","20SW79","20SW55",3,3,,TRUE,"Lateral connection"
"TFA","20SW55-79","20SW79","20SW55",3,3,,TRUE,"Factory Tap Active"
"LAT","20SW55-79","20SW79","20SW55",21.9,3,,TRUE,"Lateral connection"
"TSA","20SW55-79","20SW79","20SW55",21.9,3,,TRUE,"Tap Saddle Active"
"LAT","20SW55-79","20SW79","20SW55",49.7,3,,TRUE,"Lateral connection"
"TFA","20SW55-79","20SW79","20SW55",49.7,3,,TRUE,"Factory Tap Active"
"LAT","20SW55-79","20SW79","20SW55",104.9,3,,TRUE,"Lateral connection"
"TFA","20SW55-79","20SW79","20SW55",104.9,3,,TRUE,"Factory Tap Active"
"LAT","20SW55-79","20SW79","20SW55",160.1,3,,TRUE,"Lateral connection"
"TFA","20SW55-79","20SW79","20SW55",160.1,3,,TRUE,"Factory Tap Active"
"LAT","20SW55-79","20SW79","20SW55",215.9,3,,TRUE,"Lateral connection"
"TFA","20SW55-79","20SW79","20SW55",215.9,3,,TRUE,"Factory Tap Active"
"LAT","20SW55-79","20SW79","20SW55",270.8,3,,TRUE,"Lateral connection"
"TFA","20SW55-79","20SW79","20SW55",270.8,3,,TRUE,"Factory Tap Active"
"AMH","20SW55-79","20SW79","20SW55",295.7,12,,TRUE,"Access Man Hole"
"STOP","20SW55-79","20SW79","20SW55",295.7,,,TRUE,"Inspection Stopped"
"START DS","20SW55-56","20SW55","20SW56",3,,,FALSE,"Start Inspection Downstream"
"LAT","20SW55-56","20SW55","20SW56",3,9,,FALSE,"Lateral connection"
"TFA","20SW55-56","20SW55","20SW56",3,9,,FALSE,"Factory Tap Active"
"LAT","20SW55-56","20SW55","20SW56",49.3,9,,FALSE,"Lateral connection"
"TFA","20SW55-56","20SW55","20SW56",49.3,9,,FALSE,"Factory Tap Active"
"LAT","20SW55-56","20SW55","20SW56",56.9,3,,FALSE,"Lateral connection"
"TFA","20SW55-56","20SW55","20SW56",56.9,3,,FALSE,"Factory Tap Active"
"LAT","20SW55-56","20SW55","20SW56",100.8,9,,FALSE,"Lateral connection"
"TFA","20SW55-56","20SW55","20SW56",100.8,9,,FALSE,"Factory Tap Active"
"LAT","20SW55-56","20SW55","20SW56",109.6,3,,FALSE,"Lateral connection"
"TFA","20SW55-56","20SW55","20SW56",109.6,3,,FALSE,"Factory Tap Active"
"LAT","20SW55-56","20SW55","20SW56",154.2,9,,FALSE,"Lateral connection"
"TFA","20SW55-56","20SW55","20SW56",154.2,9,,FALSE,"Factory Tap Active"
"LAT","20SW55-56","20SW55","20SW56",162.4,3,,FALSE,"Lateral connection"
"TFA","20SW55-56","20SW55","20SW56",162.4,3,,FALSE,"Factory Tap Active"
"LAT","20SW55-56","20SW55","20SW56",210.9,9,,FALSE,"Lateral connection"
"TFA","20SW55-56","20SW55","20SW56",210.9,9,,FALSE,"Factory Tap Active"
"LAT","20SW55-56","20SW55","20SW56",217.1,3,,FALSE,"Lateral connection"
"TFA","20SW55-56","20SW55","20SW56",217.1,3,,FALSE,"Factory Tap Active"
"LAT","20SW55-56","20SW55","20SW56",266.2,9,,FALSE,"Lateral connection"
"TFA","20SW55-56","20SW55","20SW56",266.2,9,,FALSE,"Factory Tap Active"
"LAT","20SW55-56","20SW55","20SW56",274.6,3,,FALSE,"Lateral connection"
"TFA","20SW55-56","20SW55","20SW56",274.6,3,,FALSE,"Factory Tap Active"
"LAT","20SW55-56","20SW55","20SW56",325,9,,FALSE,"Lateral connection"
"TFA","20SW55-56","20SW55","20SW56",325,9,,FALSE,"Factory Tap Active"
"LAT","20SW55-56","20SW55","20SW56",334.4,3,,FALSE,"Lateral connection"
"TFA","20SW55-56","20SW55","20SW56",334.4,3,,FALSE,"Factory Tap Active"
"AMH","20SW55-56","20SW55","20SW56",398.9,12,,FALSE,"Access Man Hole"
"STOP","20SW55-56","20SW55","20SW56",398.9,,,FALSE,"Inspection Stopped"
"START DS","20SW56-52","20SW56","20SW52",0,,,FALSE,"Start Inspection Downstream"
"LAT","20SW56-52","20SW56","20SW52",61.1,9,,FALSE,"Lateral connection"
"TFA","20SW56-52","20SW56","20SW52",61.1,9,,FALSE,"Factory Tap Active"
"LAT","20SW56-52","20SW56","20SW52",115.6,9,,FALSE,"Lateral connection"
"TFA","20SW56-52","20SW56","20SW52",115.6,9,,FALSE,"Factory Tap Active"
"LAT","20SW56-52","20SW56","20SW52",174,9,,FALSE,"Lateral connection"
"TFA","20SW56-52","20SW56","20SW52",174,9,,FALSE,"Factory Tap Active"
"LAT","20SW56-52","20SW56","20SW52",227.9,9,,FALSE,"Lateral connection"
"TFA","20SW56-52","20SW56","20SW52",227.9,9,,FALSE,"Factory Tap Active"
"LAT","20SW56-52","20SW56","20SW52",264.7,10,,FALSE,"Lateral connection"
"AMH","20SW56-52","20SW56","20SW52",264.7,12,,FALSE,"Access Man Hole"
"STOP","20SW56-52","20SW56","20SW52",264.7,,,FALSE,"Inspection Stopped"
"START DS","20SW52-51","20SW52","20SW51",5,,,FALSE,"Start Inspection Downstream"
"LAT","20SW52-51","20SW52","20SW51",5,9,,FALSE,"Lateral connection"
"TFA","20SW52-51","20SW52","20SW51",5,9,,FALSE,"Factory Tap Active"
"LAT","20SW52-51","20SW52","20SW51",66.2,3,,FALSE,"Lateral connection"
"TFA","20SW52-51","20SW52","20SW51",66.2,3,,FALSE,"Factory Tap Active"
"LAT","20SW52-51","20SW52","20SW51",120.6,3,,FALSE,"Lateral connection"
"TFA","20SW52-51","20SW52","20SW51",120.6,3,,FALSE,"Factory Tap Active"
"AMH","20SW52-51","20SW52","20SW51",140.7,12,,FALSE,"Access Man Hole"
"STOP","20SW52-51","20SW52","20SW51",140.7,,,FALSE,"Inspection Stopped"
"START DS","20SW51-50","20SW51","20SW50",0,,,FALSE,"Start Inspection Downstream"
"LAT","20SW51-50","20SW51","20SW50",12.6,3,,FALSE,"Lateral connection"
"TFA","20SW51-50","20SW51","20SW50",12.6,3,,FALSE,"Factory Tap Active"
"AMH","20SW51-50","20SW51","20SW50",35.4,12,,FALSE,"Access Man Hole"
"STOP","20SW51-50","20SW51","20SW50",35.4,,,FALSE,"Inspection Stopped"
"START DS","20SW50-49","20SW50","20SW49",0,,,FALSE,"Start Inspection Downstream"
"LAT","20SW50-49","20SW50","20SW49",34.6,3,,FALSE,"Lateral connection"
"TFA","20SW50-49","20SW50","20SW49",34.6,3,,FALSE,"Factory Tap Active"
"AMH","20SW50-49","20SW50","20SW49",62.8,12,,FALSE,"Access Man Hole"
"STOP","20SW50-49","20SW50","20SW49",62.8,,,FALSE,"Inspection Stopped"
"START DS","20SW49-47","20SW49","20SW47",0,,,FALSE,"Start Inspection Downstream"
"LAT","20SW49-47","20SW49","20SW47",18.2,3,,FALSE,"Lateral connection"
"TFA","20SW49-47","20SW49","20SW47",18.2,3,,FALSE,"Factory Tap Active"
"LAT","20SW49-47","20SW49","20SW47",67.6,3,,FALSE,"Lateral connection"
"TFA","20SW49-47","20SW49","20SW47",67.6,3,,FALSE,"Factory Tap Active"
"LAT","20SW49-47","20SW49","20SW47",118.3,3,,FALSE,"Lateral connection"
"TFA","20SW49-47","20SW49","20SW47",118.3,3,,FALSE,"Factory Tap Active"
"AMH","20SW49-47","20SW49","20SW47",141.6,12,,FALSE,"Access Man Hole"
"STOP","20SW49-47","20SW49","20SW47",141.6,,,FALSE,"Inspection Stopped"
"START DS","20SW1-2","20SW1","20SW2",10,,,FALSE,"Start Inspection Downstream"
"LAT","20SW1-2","20SW1","20SW2",16.4,10,,FALSE,"Lateral connection"
"TSA","20SW1-2","20SW1","20SW2",16.4,10,,FALSE,"Tap Saddle Active"
"Grease","20SW1-2","20SW1","20SW2",16.4,10,,FALSE,"Grease in the Pipe"
"LAT","20SW1-2","20SW1","20SW2",164.7,10,,FALSE,"Lateral connection"
"TFA","20SW1-2","20SW1","20SW2",164.7,10,,FALSE,"Factory Tap Active"
"AMH","20SW1-2","20SW1","20SW2",485.4,12,,FALSE,"Access Man Hole"
"STOP","20SW1-2","20SW1","20SW2",485.4,,,FALSE,"Inspection Stopped"
"START US","20SW37-20NW6","20NW6","20SW37",10,,,TRUE,"Start Inspection Upstream"
"LAT","20SW37-20NW6","20NW6","20SW37",109.3,3,,TRUE,"Lateral connection"
"TSA","20SW37-20NW6","20NW6","20SW37",109.3,3,,TRUE,"Tap Saddle Active"
"Joint - Gasket","20SW37-20NW6","20NW6","20SW37",109.3,3,,TRUE,"Joint Gasket exposed"
"LAT","20SW37-20NW6","20NW6","20SW37",156,8,,TRUE,"Lateral connection"
"TSA","20SW37-20NW6","20NW6","20SW37",156,8,,TRUE,"Tap Saddle Active"
"Joint - Gasket","20SW37-20NW6","20NW6","20SW37",156,8,,TRUE,"Joint Gasket exposed"
"AMH","20SW37-20NW6","20NW6","20SW37",436.7,12,,TRUE,"Access Man Hole"
"STOP","20SW37-20NW6","20NW6","20SW37",436.7,,,TRUE,"Inspection Stopped"
"START DS","20SW37-38","20SW37","20SW38",10,,,FALSE,"Start Inspection Downstream"
"LAT","20SW37-38","20SW37","20SW38",152.5,3,,FALSE,"Lateral connection"
"TSA","20SW37-38","20SW37","20SW38",152.5,3,,FALSE,"Tap Saddle Active"
"LAT","20SW37-38","20SW37","20SW38",453.2,9,,FALSE,"Lateral connection"
"TSA","20SW37-38","20SW37","20SW38",453.2,9,,FALSE,"Tap Saddle Active"
"AMH","20SW37-38","20SW37","20SW38",504.6,12,,FALSE,"Access Man Hole"
"STOP","20SW37-38","20SW37","20SW38",504.6,,,FALSE,"Inspection Stopped"
"START DS","20SW38-40","20SW38","20SW40",0,,,FALSE,"Start Inspection Downstream"
"LAT","20SW38-40","20SW38","20SW40",285.5,3,,FALSE,"Lateral connection"
"TSA","20SW38-40","20SW38","20SW40",285.5,3,,FALSE,"Tap Saddle Active"
"LAT","20SW38-40","20SW38","20SW40",491.4,3,,FALSE,"Lateral connection"
"TSA","20SW38-40","20SW38","20SW40",491.4,3,,FALSE,"Tap Saddle Active"
"Joint - Gasket","20SW38-40","20SW38","20SW40",491.4,3,,FALSE,"Joint Gasket exposed"
"AMH","20SW38-40","20SW38","20SW40",503.8,12,,FALSE,"Access Man Hole"
"STOP","20SW38-40","20SW38","20SW40",503.8,,,FALSE,"Inspection Stopped"
"START DS","20SW40-41","20SW40","20SW41",10,,,FALSE,"Start Inspection Downstream"
"LAT","20SW40-41","20SW40","20SW41",220.8,3,,FALSE,"Lateral connection"
"TSA","20SW40-41","20SW40","20SW41",220.8,3,,FALSE,"Tap Saddle Active"
"DSI","20SW40-41","20SW40","20SW41",220.8,3,,FALSE,"Defective Saddle Installation"
"AMH","20SW40-41","20SW40","20SW41",307.1,12,,FALSE,"Access Man Hole"
"STOP","20SW40-41","20SW40","20SW41",307.1,,,FALSE,"Inspection Stopped"
"START DS","20SW41-41A","20SW41","20SW41A",10,,,FALSE,"Start Inspection Downstream"
"LAT","20SW41-41A","20SW41","20SW41A",269.7,3,,FALSE,"Lateral connection"
"AMH","20SW41-41A","20SW41","20SW41A",269.7,12,,FALSE,"Access Man Hole"
"STOP","20SW41-41A","20SW41","20SW41A",270.5,,,FALSE,"Inspection Stopped"
"START DS","20SW41A-42","20SW41A","20SW42",0,,,FALSE,"Start Inspection Downstream"
"LAT","20SW41A-42","20SW41A","20SW42",55.4,3,,FALSE,"Lateral connection"
"TSA","20SW41A-42","20SW41A","20SW42",55.4,3,,FALSE,"Tap Saddle Active"
"TSA","20SW41A-42","20SW41A","20SW42",151.3,3,,FALSE,"Tap Saddle Active"
"AMH","20SW41A-42","20SW41A","20SW42",234.2,12,,FALSE,"Access Man Hole"
"LAT","20SW41A-42","20SW41A","20SW42",151.3,3,,FALSE,"Lateral connection"
"STOP","20SW41A-42","20SW41A","20SW42",234.2,,,FALSE,"Inspection Stopped"
"START DS","20SW42-43","20SW42","20SW43",0,,,FALSE,"Start Inspection Downstream"
"LAT","20SW42-43","20SW42","20SW43",52,3,,FALSE,"Lateral connection"
"TSA","20SW42-43","20SW42","20SW43",52,3,,FALSE,"Tap Saddle Active"
"LAT","20SW42-43","20SW42","20SW43",53.9,3,,FALSE,"Lateral connection"
"TSNA","20SW42-43","20SW42","20SW43",53.9,3,,FALSE,"Tap Saddle Not Active"
"AMH","20SW42-43","20SW42","20SW43",503.9,12,,FALSE,"Access Man Hole"
"STOP","20SW42-43","20SW42","20SW43",503.9,,,FALSE,"Inspection Stopped"
"START DS","20SW54A-54","20SW54A","20SW54",10,,,FALSE,"Start Inspection Downstream"
"AMH","20SW54A-54","20SW54A","20SW54",506.9,12,,FALSE,"Access Man Hole"
"STOP","20SW54A-54","20SW54A","20SW54",506.9,,,FALSE,"Inspection Stopped"
"START DS","20SW54-53","20SW54","20SW53",0,,,FALSE,"Start Inspection Downstream"
"AMH","20SW54-53","20SW54","20SW53",504.5,12,,FALSE,"Access Man Hole"
"STOP","20SW54-53","20SW54","20SW53",504.5,,,FALSE,"Inspection Stopped"
"START DS","20SW78-78A","20SW78","20SW78A",10,,,FALSE,"Start Inspection Downstream"
"AMH","20SW78-78A","20SW78","20SW78A",196.2,12,,FALSE,"Access Man Hole"
"STOP","20SW78-78A","20SW78","20SW78A",196.2,,,FALSE,"Inspection Stopped"
"START DS","20SW78A-54A","20SW78A","20SW54A",0,,,FALSE,"Start Inspection Downstream"
"AMH","20SW78A-54A","20SW78A","20SW54A",197.6,12,,FALSE,"Access Man Hole"
"STOP","20SW78A-54A","20SW78A","20SW54A",197.6,,,FALSE,"Inspection Stopped"
"START DS","20SW53-46","20SW53","20SW46",10,,,FALSE,"Start Inspection Downstream"
"LAT","20SW53-46","20SW53","20SW46",126,3,,FALSE,"Lateral connection"
"AMH","20SW53-46","20SW53","20SW46",126,12,,FALSE,"Access Man Hole"
"STOP","20SW53-46","20SW53","20SW46",126,,,FALSE,"Inspection Stopped"
"START DS","20SW46-45","20SW46","20SW45",10,,,FALSE,"Start Inspection Downstream"
"LAT","20SW46-45","20SW46","20SW45",140.3,1,,FALSE,"Lateral connection"
"TSA","20SW46-45","20SW46","20SW45",140.3,1,,FALSE,"Tap Saddle Active"
"AMH","20SW46-45","20SW46","20SW45",380.7,12,,FALSE,"Access Man Hole"
"STOP","20SW46-45","20SW46","20SW45",380.7,,,FALSE,"Inspection Stopped"
"START DS","20sw45-44","20SW45","20SW44",10,,,FALSE,"Start Inspection Downstream"
"MCU","20sw45-44","20SW45","20SW44",11.1,,,FALSE,"Camera underwater"
"Crack","20sw45-44","20SW45","20SW44",333.8,9,"Longitudinal",FALSE,"Crack in the pipe"
"AMH","20sw45-44","20SW45","20SW44",336.9,12,,FALSE,"Access Man Hole"
"STOP","20sw45-44","20SW45","20SW44",336.9,,,FALSE,"Inspection Stopped"
"START DS","20SW44-43","20SW44","20SW43",0,,,FALSE,"Start Inspection Downstream"
"LAT","20SW44-43","20SW44","20SW43",205.6,10,,FALSE,"Lateral connection"
"TSA","20SW44-43","20SW44","20SW43",205.6,10,,FALSE,"Tap Saddle Active"
"AMH","20SW44-43","20SW44","20SW43",327.5,12,,FALSE,"Access Man Hole"
"STOP","20SW44-43","20SW44","20SW43",327.5,,,FALSE,"Inspection Stopped"
"START US","20SW83-84","20SW84","20SW83",10,,,TRUE,"Start Inspection Upstream"
"LAT","20SW83-84","20SW84","20SW83",22.7,12,,TRUE,"Lateral connection"
"TFNA","20SW83-84","20SW84","20SW83",22.7,12,,TRUE,"Tap Factory Not Active"
"LAT","20SW83-84","20SW84","20SW83",43.1,1,,TRUE,"Lateral connection"
"TFNA","20SW83-84","20SW84","20SW83",43.1,1,,TRUE,"Tap Factory Not Active"
"LAT","20SW83-84","20SW84","20SW83",63.6,12,,TRUE,"Lateral connection"
"TFNA","20SW83-84","20SW84","20SW83",63.6,12,,TRUE,"Tap Factory Not Active"
"LAT","20SW83-84","20SW84","20SW83",83.7,12,,TRUE,"Lateral connection"
"TFNA","20SW83-84","20SW84","20SW83",83.7,12,,TRUE,"Tap Factory Not Active"
"LAT","20SW83-84","20SW84","20SW83",103.9,12,,TRUE,"Lateral connection"
"TFNA","20SW83-84","20SW84","20SW83",103.9,12,,TRUE,"Tap Factory Not Active"
"LAT","20SW83-84","20SW84","20SW83",123.8,12,,TRUE,"Lateral connection"
"TFNA","20SW83-84","20SW84","20SW83",123.8,12,,TRUE,"Tap Factory Not Active"
"LAT","20SW83-84","20SW84","20SW83",143.7,12,,TRUE,"Lateral connection"
"TFNA","20SW83-84","20SW84","20SW83",143.7,12,,TRUE,"Tap Factory Not Active"
"LAT","20SW83-84","20SW84","20SW83",163.8,12,,TRUE,"Lateral connection"
"TFNA","20SW83-84","20SW84","20SW83",163.8,12,,TRUE,"Tap Factory Not Active"
"LAT","20SW83-84","20SW84","20SW83",183.9,12,,TRUE,"Lateral connection"
"TFNA","20SW83-84","20SW84","20SW83",183.9,12,,TRUE,"Tap Factory Not Active"
"LAT","20SW83-84","20SW84","20SW83",203.7,12,,TRUE,"Lateral connection"
"TFNA","20SW83-84","20SW84","20SW83",203.7,12,,TRUE,"Tap Factory Not Active"
"LAT","20SW83-84","20SW84","20SW83",224,1,,TRUE,"Lateral connection"
"TSNA","20SW83-84","20SW84","20SW83",224,12,,TRUE,"Tap Saddle Not Active"
"LAT","20SW83-84","20SW84","20SW83",244.2,12,,TRUE,"Lateral connection"
"TFNA","20SW83-84","20SW84","20SW83",244.2,12,,TRUE,"Tap Factory Not Active"
"LAT","20SW83-84","20SW84","20SW83",264.2,12,,TRUE,"Lateral connection"
"TFNA","20SW83-84","20SW84","20SW83",264.2,12,,TRUE,"Tap Factory Not Active"
"Joint - Separated","20SW83-84","20SW84","20SW83",269,,"Small",TRUE,"Joint separated in the Pipe"
"Joint - Separated","20SW83-84","20SW84","20SW83",275.5,,"Medium",TRUE,"Joint separated in the Pipe"
"LAT","20SW83-84","20SW84","20SW83",324.5,3,,TRUE,"Lateral connection"
"AMH","20SW83-84","20SW84","20SW83",324.5,12,,TRUE,"Access Man Hole"
"STOP","20SW83-84","20SW84","20SW83",324.5,,,TRUE,"Inspection Stopped"
"START DS","20SW84-85","20SW84","20SW85",10,,,FALSE,"Start Inspection Downstream"
"LAT","20SW84-85","20SW84","20SW85",20.8,12,,FALSE,"Lateral connection"
"TFNA","20SW84-85","20SW84","20SW85",20.8,12,,FALSE,"Tap Factory Not Active"
"LAT","20SW84-85","20SW84","20SW85",38.6,12,,FALSE,"Lateral connection"
"TFNA","20SW84-85","20SW84","20SW85",38.6,12,,FALSE,"Tap Factory Not Active"
"LAT","20SW84-85","20SW84","20SW85",40.6,12,,FALSE,"Lateral connection"
"TFNA","20SW84-85","20SW84","20SW85",40.6,12,,FALSE,"Tap Factory Not Active"
"LAT","20SW84-85","20SW84","20SW85",58.1,12,,FALSE,"Lateral connection"
"TFNA","20SW84-85","20SW84","20SW85",58.1,12,,FALSE,"Tap Factory Not Active"
"LAT","20SW84-85","20SW84","20SW85",59.7,12,,FALSE,"Lateral connection"
"TFNA","20SW84-85","20SW84","20SW85",59.7,12,,FALSE,"Tap Factory Not Active"
"LAT","20SW84-85","20SW84","20SW85",77.4,12,,FALSE,"Lateral connection"
"TFNA","20SW84-85","20SW84","20SW85",77.4,12,,FALSE,"Tap Factory Not Active"
"LAT","20SW84-85","20SW84","20SW85",78.8,12,,FALSE,"Lateral connection"
"TFNA","20SW84-85","20SW84","20SW85",78.8,12,,FALSE,"Tap Factory Not Active"
"LAT","20SW84-85","20SW84","20SW85",99.3,12,,FALSE,"Lateral connection"
"TFNA","20SW84-85","20SW84","20SW85",99.3,12,,FALSE,"Tap Factory Not Active"
"LAT","20SW84-85","20SW84","20SW85",101.1,12,,FALSE,"Lateral connection"
"TFNA","20SW84-85","20SW84","20SW85",101.1,12,,FALSE,"Tap Factory Not Active"
"LAT","20SW84-85","20SW84","20SW85",118.7,12,,FALSE,"Lateral connection"
"TFNA","20SW84-85","20SW84","20SW85",118.7,12,,FALSE,"Tap Factory Not Active"
"LAT","20SW84-85","20SW84","20SW85",120.8,12,,FALSE,"Lateral connection"
"TFNA","20SW84-85","20SW84","20SW85",120.8,12,,FALSE,"Tap Factory Not Active"
"LAT","20SW84-85","20SW84","20SW85",140.7,12,,FALSE,"Lateral connection"
"TFNA","20SW84-85","20SW84","20SW85",140.7,12,,FALSE,"Tap Factory Not Active"
"LAT","20SW84-85","20SW84","20SW85",142.3,12,,FALSE,"Lateral connection"
"TFNA","20SW84-85","20SW84","20SW85",142.3,12,,FALSE,"Tap Factory Not Active"
"AMH","20SW84-85","20SW84","20SW85",164.7,12,,FALSE,"Access Man Hole"
"STOP","20SW84-85","20SW84","20SW85",164.7,,,FALSE,"Inspection Stopped"
"START DS","20SW85-22A","20SW85","20SW22A",0,,,FALSE,"Start Inspection Downstream"
"AMH","20SW85-22A","20SW85","20SW22A",131.8,12,,FALSE,"Access Man Hole"
"STOP","20SW85-22A","20SW85","20SW22A",131.8,,,FALSE,"Inspection Stopped"
"START DS","20SW22A-22","20SW22A","20SW22",10,,,FALSE,"Start Inspection Downstream"
"MGO","20SW22A-22","20SW22A","20SW22",34.1,,,FALSE,"General Observation"
"STOP","20SW22A-22","20SW22A","20SW22",34.2,,,FALSE,"Inspection Stopped"
"START US","20SW22-22A","20SW22B","20SW22",10,,,TRUE,"Start Inspection Upstream"
"VC","20SW22-22A","20SW22B","20SW22",35.7,,,TRUE,"Vermon- Cockroaches"
"LAT","20SW22-22A","20SW22B","20SW22",82.2,10,,TRUE,"Lateral connection"
"TFA","20SW22-22A","20SW22B","20SW22",82.2,10,,TRUE,"Factory Tap Active"
"LAT","20SW22-22A","20SW22B","20SW22",107.8,1,,TRUE,"Lateral connection"
"TSA","20SW22-22A","20SW22B","20SW22",107.8,1,,TRUE,"Tap Saddle Active"
"Joint - Gasket","20SW22-22A","20SW22B","20SW22",107.8,1,,TRUE,"Joint Gasket exposed"
"Joint - Separated","20SW22-22A","20SW22B","20SW22",102.5,3,"Medium",TRUE,"Joint separated in the Pipe"
"AMH","20SW22-22A","20SW22B","20SW22",123.2,12,,TRUE,"Access Man Hole"
"VC","20SW22-22A","20SW22B","20SW22",123.2,,,TRUE,"Vermon- Cockroaches"
"STOP","20SW22-22A","20SW22B","20SW22",123.2,,,TRUE,"Inspection Stopped"
"START DS","20SW29-45","20SW29","20SW45",10,,,FALSE,"Start Inspection Downstream"
"LAT","20SW29-45","20SW29","20SW45",89.8,1,,FALSE,"Lateral connection"
"TSA","20SW29-45","20SW29","20SW45",89.8,1,,FALSE,"Tap Saddle Active"
"LAT","20SW29-45","20SW29","20SW45",92,9,,FALSE,"Lateral connection"
"TFNA","20SW29-45","20SW29","20SW45",92,9,,FALSE,"Tap Factory Not Active"
"AMH","20SW29-45","20SW29","20SW45",162.5,12,,FALSE,"Access Man Hole"
"STOP","20SW29-45","20SW29","20SW45",162.5,,,FALSE,"Inspection Stopped"
"START DS","20SW47-57","20SW47","20SW57",10,,,FALSE,"Start Inspection Downstream"
"AMH","20SW47-57","20SW47","20SW57",317.4,12,,FALSE,"Access Man Hole"
"STOP","20SW47-57","20SW47","20SW57",317.4,,,FALSE,"Inspection Stopped"
"START DS","20SW57-46","20SW57","20SW46",0,,,FALSE,"Start Inspection Downstream"
"AMH","20SW57-46","20SW57","20SW46",60,12,,FALSE,"Access Man Hole"
"STOP","20SW57-46","20SW57","20SW46",60,,,FALSE,"Inspection Stopped"
